Code,Title,Genre,MPAA,Country,Language,Rating_User,Rating_Count,Release_Date,Budget,Sales_Opening,Sales_Gross
tt0136517,Seven Days of Grace,"('Comedy', 'Drama')",PG-13,USA,ENGLISH,4.1,67,2006-04-01,,,
tt0151299,Last Fair Deal,"('Action',)",UNRATED,USA,ENGLISH,5.9,11,2006-03-27,,,
tt0206634,Children of Men,"('Drama', 'Sci-Fi', 'Thriller')",R,USA,ENGLISH,7.9,412084,2007-01-05,76.0,0.179268,35.552383
tt0244521,Funny Money,"('Comedy',)",R,GERMANY,ENGLISH,5.3,2708,2006-03-09,,0.001839,0.001839
tt0251951,Pretty Cool,"('Comedy', 'Sci-Fi')",R,USA,ENGLISH,4.3,425,2006-11-24,,,
tt0259822,.45,"('Crime', 'Drama', 'Thriller')",R,USA,ENGLISH,5.7,7687,2006-11-30,5.0,,
tt0260042,False Prophets,"('Drama',)",R,USA,ENGLISH,6.5,75,2006-05-16,,,
tt0266732,Love Is the Drug,"('Drama',)",R,USA,ENGLISH,5.7,657,,,,
tt0270417,How to Go Out on a Date in Queens,"('Comedy', 'Romance')",R,USA,ENGLISH,4.5,357,2006-07-28,,,
tt0279688,Beyond the Wall of Sleep,"('Horror',)",R,USA,ENGLISH,2.9,1029,2006-06-06,,,
tt0284363,Obsluhoval jsem anglického krále,"('Comedy', 'Drama', 'Romance', 'War')",R,CZECH REPUBLIC,CZECH,7.4,6796,2007-01-11,,0.06846,0.617228
tt0287072,Under Surveillance,"('Horror', 'Mystery', 'Thriller')",R,USA,ENGLISH,4.5,133,,0.031,,
tt0302498,Raising Flagg,"('Comedy',)",PG-13,USA,ENGLISH,5.5,300,2008-04-25,,0.000636,
tt0302545,An Existential Affair,"('Drama', 'Romance')",R,USA,ENGLISH,4.1,44,2006-10-17,2.0,,
tt0308055,Bobby,"('Biography', 'Drama', 'History')",R,USA,ENGLISH,7.0,39681,2006-11-23,14.0,0.069039,11.242801
tt0308353,Happily N'Ever After,"('Animation', 'Adventure', 'Comedy', 'Family', 'Fantasy')",PG ,USA,ENGLISH,4.5,9341,2007-01-05,47.0,6.608244,15.589393
tt0317219,Cars,"('Animation', 'Comedy', 'Family', 'Sport')",UNRATED,USA,ENGLISH,7.1,311288,2006-06-09,120.0,60.119509,244.082982
tt0317919,Mission: Impossible III,"('Action', 'Adventure', 'Thriller')",PG-13,USA,ENGLISH,6.9,295122,2006-05-05,150.0,47.743273,134.029801
tt0327084,Over the Hedge,"('Animation', 'Adventure', 'Comedy', 'Family', 'Fantasy')",PG ,USA,ENGLISH,6.7,142797,2006-05-19,80.0,38.457003,155.01934
tt0337609,Detroit,"('Action', 'Crime', 'Drama')",R,USA,ENGLISH,5.3,71,,0.25,,
tt0339086,Goose on the Loose,"('Adventure', 'Comedy', 'Family')",PG ,CANADA,ENGLISH,4.7,114,,,,
tt0340084,The Drop,"('Action', 'Adventure', 'Fantasy', 'Thriller')",R,USA,ENGLISH,2.4,214,2006-06-06,,,
tt0343737,The Good Shepherd,"('Drama', 'History', 'Thriller')",R,USA,ENGLISH,6.7,92655,2006-12-22,90.0,14.14276,59.952835
tt0344854,Arthur and the Invisibles,"('Animation', 'Adventure', 'Family', 'Fantasy')",PG ,FRANCE,ENGLISH,6.0,29320,2007-01-12,86.0,5.702789,15.132763
tt0345228,Open Window,"('Drama',)",R,USA,ENGLISH,6.1,914,,0.9,,
tt0348150,Superman Returns,"('Action', 'Adventure')",PG-13,USA,ENGLISH,6.1,256346,2006-06-28,209.0,52.535096,200.081192
tt0349467,Freedomland,"('Crime', 'Drama', 'Mystery', 'Thriller')",R,USA,ENGLISH,5.1,14412,2006-02-17,37.665,6.707111,12.512886
tt0353248,Full Clip,"('Action', 'Thriller')",R,USA,ENGLISH,3.2,459,2006-03-23,1.0,,
tt0353357,Day of Wrath,"('Action', 'Adventure', 'Crime', 'Drama', 'Mystery', 'Thriller')",R,UK,ENGLISH,5.6,1630,2006-06-08,12.0,,
tt0354899,The Science of Sleep,"('Comedy', 'Drama', 'Fantasy', 'Romance')",R,FRANCE,FRENCH,7.3,65001,2006-09-29,6.0,0.347925,4.663809
tt0360323,10th & Wolf,"('Crime', 'Drama', 'Thriller')",R,USA,ENGLISH,6.4,5856,2007-04-12,8.0,0.020774,0.053481
tt0362120,Scary Movie 4,"('Comedy',)",PG-13,USA,ENGLISH,5.1,103843,2006-04-14,45.0,40.222875,90.71062
tt0364098,Valentina's Tango,"('Thriller',)",R,USA,ENGLISH,4.2,79,,0.25,,
tt0364745,Whirlygirl,"('Drama', 'Romance')",R,USA,ENGLISH,5.9,1202,2007-03-06,,,
tt0364955,Art School Confidential,"('Comedy', 'Drama')",R,USA,ENGLISH,6.3,15826,2006-05-12,,0.135733,3.296916
tt0365830,Tenacious D in The Pick of Destiny,"('Adventure', 'Comedy', 'Music', 'Musical')",R,USA,ENGLISH,6.8,94433,2006-11-22,,3.234879,8.319186
tt0366548,Happy Feet,"('Animation', 'Adventure', 'Comedy', 'Family', 'Music', 'Musical', 'Romance')",PG ,USA,ENGLISH,6.5,151979,2006-11-17,100.0,41.533432,198.000317
tt0367088,Spymate,"('Adventure', 'Family')",PG ,CANADA,ENGLISH,4.1,949,2006-01-14,,,
tt0367567,Sea of Dreams,"('Drama', 'Fantasy', 'Mystery', 'Romance')",PG ,MEXICO,ENGLISH,6.6,332,2007-09-21,,,
tt0370032,Ultraviolet,"('Action', 'Sci-Fi', 'Thriller')",PG-13,USA,ENGLISH,4.4,75330,2006-03-03,30.0,9.06488,18.500966
tt0372975,Holla,"('Horror',)",R,USA,ENGLISH,3.9,186,,0.2,,0.165171
tt0373900,Rampage: The Hillside Strangler Murders,"('Crime', 'Drama', 'Thriller')",R,USA,ENGLISH,4.3,736,2006-01-10,1.0,,
tt0375154,Tristan + Isolde,"('Action', 'Drama', 'Romance', 'War')",PG-13,USA,ENGLISH,6.8,48060,2006-01-13,,7.612008,14.732623
tt0375785,Gray Matters,"('Comedy', 'Romance')",PG-13,USA,ENGLISH,5.8,6426,2007-07-13,,0.025711,0.059619
tt0376994,X-Men: The Last Stand,"('Action', 'Adventure', 'Sci-Fi', 'Thriller')",PG-13,CANADA,ENGLISH,6.7,436260,2006-05-26,210.0,122.861157,234.362462
tt0377061,I'll Believe You,"('Comedy', 'Sci-Fi')",PG ,USA,ENGLISH,5.8,389,2006-11-11,,,
tt0380066,The Woods,"('Horror', 'Mystery', 'Thriller')",R,USA,ENGLISH,5.7,9825,2006-09-26,12.0,,
tt0381061,Casino Royale,"('Action', 'Adventure', 'Thriller')",PG-13,UK,ENGLISH,8.0,524387,2006-11-17,150.0,40.833156,167.44596
tt0381111,Kruistocht in spijkerbroek,"('Adventure', 'Family', 'Fantasy', 'Sci-Fi', 'War')",PG ,NETHERLANDS,ENGLISH,6.1,3292,2006-11-15,,,
tt0381341,Kisses and Caroms,"('Comedy',)",R,USA,ENGLISH,4.7,1290,2006-08-22,,,
tt0381971,Curious George,"('Animation', 'Adventure', 'Comedy', 'Family')",UNRATED,USA,ENGLISH,6.5,14078,2006-02-10,50.0,14.703405,58.640119
tt0382625,The Da Vinci Code,"('Mystery', 'Thriller')",PG-13,USA,ENGLISH,6.6,360658,2006-05-19,125.0,77.073388,217.536138
tt0382765,Jindabyne,"('Crime', 'Drama', 'Mystery', 'Thriller')",R,AUSTRALIA,ENGLISH,6.3,6076,2006-07-20,,0.028298,0.399879
tt0383060,Zoom,"('Action', 'Adventure', 'Comedy', 'Family', 'Sci-Fi')",PG ,USA,ENGLISH,4.3,16812,2006-08-11,35.0,4.510408,11.631245
tt0383216,The Pink Panther,"('Adventure', 'Comedy', 'Crime', 'Family', 'Mystery')",PG ,USA,ENGLISH,5.6,73453,2006-02-10,65.0,20.220412,82.226474
tt0383478,Love Comes to the Executioner,"('Comedy', 'Drama', 'Romance')",R,USA,ENGLISH,5.7,838,2006-08-15,,,
tt0383574,Pirates of the Caribbean: Dead Man's Chest,"('Action', 'Adventure', 'Fantasy')",PG-13,USA,ENGLISH,7.3,594433,2006-07-07,225.0,135.634554,423.315812
tt0384537,Silent Hill,"('Horror',)",R,CANADA,ENGLISH,6.6,197630,2006-04-21,,,
tt0384793,Accepted,"('Comedy',)",PG-13,USA,ENGLISH,6.5,114432,2006-08-18,23.0,10.023835,36.323505
tt0384798,Aimee Semple McPherson,"('Biography', 'Drama')",PG ,USA,ENGLISH,5.3,116,,0.005,,
tt0384814,Ask the Dust,"('Drama', 'Romance')",R,USA,ENGLISH,5.8,8691,2006-04-13,,0.068779,0.742614
tt0385726,Glory Road,"('Biography', 'Drama', 'Sport')",PG ,USA,ENGLISH,7.2,38939,2006-01-13,,16.927589,42.643187
tt0385880,Monster House,"('Animation', 'Adventure', 'Comedy', 'Family', 'Fantasy', 'Mystery')",PG ,USA,ENGLISH,6.6,85398,2006-07-21,75.0,22.217226,73.66101
tt0385988,Red Riding Hood,"('Adventure', 'Family', 'Musical')",PG ,USA,ENGLISH,3.2,975,2007-02-07,1.6,,
tt0386741,Renaissance,"('Animation', 'Action', 'Sci-Fi', 'Thriller')",R,FRANCE,ENGLISH,6.7,14994,2006-03-15,,0.0108,0.06326
tt0387808,Idiocracy,"('Adventure', 'Comedy', 'Sci-Fi')",R,USA,ENGLISH,6.6,126998,2007-01-25,,0.177559,0.438653
tt0387877,The Black Dahlia,"('Crime', 'Drama', 'Mystery', 'Thriller')",R,GERMANY,ENGLISH,5.6,67264,2006-09-15,50.0,10.005895,22.518325
tt0388288,My First Wedding,"('Comedy', 'Romance')",PG-13,CANADA,ENGLISH,4.9,1001,2007-03-15,,,
tt0389360,Sea of Fear,"('Horror',)",PG-13,USA,ENGLISH,2.7,554,2006-08-22,2.0,,
tt0389557,Black Book,"('Drama', 'Thriller', 'War')",R,NETHERLANDS,DUTCH,7.8,66632,2007-05-18,21.0,0.112521,4.398392
tt0389860,Click,"('Comedy', 'Drama', 'Romance')",PG-13,USA,ENGLISH,6.4,275393,2006-06-23,70.0,40.011365,137.355633
tt0393297,Forget About It,"('Comedy', 'Drama')",PG-13,USA,ENGLISH,4.5,418,2006-10-14,4.0,,
tt0393567,The Other Side,"('Action', 'Thriller')",R,USA,ENGLISH,5.4,1362,,0.015,,
tt0393735,The Shaggy Dog,"('Comedy', 'Family', 'Fantasy')",PG ,USA,ENGLISH,4.4,16612,2006-03-10,50.0,16.310058,61.123569
tt0395495,Catch and Release,"('Comedy', 'Drama', 'Romance')",PG-13,USA,ENGLISH,6.0,21088,2007-01-26,,7.658898,15.269668
tt0396171,Perfume: The Story of a Murderer,"('Crime', 'Drama', 'Fantasy')",R,GERMANY,ENGLISH,7.5,212773,2007-01-05,,0.055527,2.223293
tt0396476,Backwaters,"('Drama', 'Thriller')",R,UK,ENGLISH,5.1,88,,,,
tt0397078,Just My Luck,"('Comedy', 'Fantasy', 'Romance')",PG-13,USA,ENGLISH,5.4,49457,2006-05-12,28.0,5.692285,17.324744
tt0397105,Dirty Work,"('Thriller',)",R,USA,ENGLISH,5.2,257,2006-09-12,,,
tt0397313,Eight Below,"('Adventure', 'Drama', 'Family')",PG ,USA,ENGLISH,7.3,54770,2006-02-17,40.0,24.968601,81.612565
tt0398029,The Last Drop,"('Action', 'Adventure', 'Crime', 'War')",R,UK,ENGLISH,4.6,2386,2006-04-18,,,
tt0398839,Cattle Call,"('Comedy',)",R,USA,ENGLISH,3.8,1048,2008-05-13,2.625,,
tt0398842,The Celestine Prophecy,"('Adventure', 'Drama')",PG ,USA,ENGLISH,4.9,3315,2006-07-20,10.0,0.025297,0.617236
tt0398913,DOA: Dead or Alive,"('Action', 'Adventure')",PG-13,UK,ENGLISH,4.8,41076,2007-06-15,21.0,0.260713,0.480314
tt0399110,Grad Night,"('Comedy', 'Drama')",R,USA,ENGLISH,1.6,616,2006-09-09,0.5,,
tt0400717,Open Season,"('Animation', 'Adventure', 'Comedy', 'Family', 'Fantasy')",PG ,USA,ENGLISH,6.1,75469,2006-09-29,85.0,23.624548,85.105259
tt0400944,The Witches Hammer,"('Action', 'Horror')",R,UK,ENGLISH,3.3,270,2006-12-22,,,
tt0401445,A Good Year,"('Comedy', 'Drama', 'Romance')",PG-13,USA,ENGLISH,7.0,80234,2006-11-10,35.0,3.721526,7.458269
tt0401449,Greed,"('Action', 'Horror', 'Thriller')",R,USA,ENGLISH,3.4,355,2006-02-28,,,
tt0401711,"Paris, je t'aime","('Comedy', 'Drama', 'Romance')",R,FRANCE,FRENCH,7.3,66888,2007-06-15,13.0,0.039242,4.857376
tt0401855,Underworld: Evolution,"('Action', 'Adventure', 'Fantasy', 'Sci-Fi', 'Thriller')",R,USA,ENGLISH,6.7,175905,2006-01-20,50.0,26.857181,62.318875
tt0402743,Abominable,"('Horror', 'Thriller')",R,USA,ENGLISH,5.1,3609,2006-04-10,,0.00181,
tt0403407,Perfect Creature,"('Action', 'Drama', 'Fantasy', 'Horror', 'Sci-Fi')",R,NEW ZEALAND,ENGLISH,5.5,4981,2007-10-18,11.0,,
tt0403598,Think Tank,"('Comedy',)",PG ,USA,ENGLISH,3.6,177,2006-04-21,,,
tt0403946,Cloud 9,"('Comedy', 'Sport')",R,USA,ENGLISH,4.3,1084,2006-01-03,,,
tt0404163,Even Money,"('Crime', 'Drama')",R,USA,ENGLISH,5.9,4123,2008-11-19,,0.022465,0.063911
tt0404203,Little Children,"('Drama', 'Romance')",R,USA,ENGLISH,7.5,98961,2007-02-09,26.0,0.097953,5.463019
tt0404390,Running Scared,"('Action', 'Crime', 'Drama', 'Thriller')",R,GERMANY,ENGLISH,7.4,92790,2006-02-24,17.0,3.381974,6.855137
tt0405052,Irish Jam,"('Comedy',)",PG-13,UK,ENGLISH,5.3,1104,2006-03-14,10.0,,
tt0405094,The Lives of Others,"('Drama', 'Thriller')",R,GERMANY,GERMAN,8.4,309159,2007-03-30,2.0,0.213589,11.286112
tt0405296,A Scanner Darkly,"('Animation', 'Crime', 'Drama', 'Mystery', 'Sci-Fi', 'Thriller')",R,USA,ENGLISH,7.1,97968,2006-07-28,8.7,0.391672,5.501616
tt0405336,Southland Tales,"('Comedy', 'Drama', 'Mystery', 'Sci-Fi', 'Thriller')",R,FRANCE,ENGLISH,5.5,34510,2007-12-07,17.0,0.123428,0.27538
tt0405469,The Wild,"('Animation', 'Adventure', 'Comedy', 'Family')",UNRATED,CANADA,ENGLISH,5.3,21383,2006-04-14,80.0,9.684809,37.384046
tt0405676,All the King's Men,"('Drama', 'Thriller')",PG-13,GERMANY,ENGLISH,6.2,22297,2006-09-22,55.0,3.672366,7.221458
tt0406816,The Guardian,"('Action', 'Adventure', 'Drama')",UNRATED,USA,ENGLISH,6.9,81573,2006-09-29,70.0,18.006064,55.011732
tt0406850,The House,"('Comedy', 'Drama')",R,CANADA,ENGLISH,6.5,38,2006-04-13,,,
tt0407038,Pucked,"('Comedy', 'Sport')",R,USA,ENGLISH,4.2,1022,2006-02-10,3.5,,
tt0407887,The Departed,"('Crime', 'Drama', 'Thriller')",R,USA,ENGLISH,8.5,1030240,2006-10-06,90.0,26.887467,132.384315
tt0408345,Firewall,"('Crime', 'Thriller')",PG-13,USA,ENGLISH,5.8,53037,2006-02-10,50.0,13.635463,48.751189
tt0408985,Last Holiday,"('Comedy',)",PG-13,USA,ENGLISH,6.4,25030,2006-01-13,45.0,15.508779,38.360195
tt0409043,Grilled,"('Comedy', 'Crime')",R,USA,ENGLISH,5.2,5142,2006-10-31,,,
tt0409182,Poseidon,"('Action', 'Adventure', 'Drama', 'Thriller')",PG-13,USA,ENGLISH,5.6,89720,2006-05-12,160.0,22.15541,60.674817
tt0409301,Falling for Grace,"('Comedy', 'Family', 'Romance')",PG-13,USA,ENGLISH,6.2,533,,,,
tt0409681,Lies & Alibis,"('Comedy', 'Drama', 'Romance')",R,NETHERLANDS,ENGLISH,6.4,5589,2006-01-12,,,
tt0409793,Cargo,"('Adventure', 'Drama', 'Thriller')",R,SPAIN,ENGLISH,5.1,988,2006-03-10,,,
tt0409904,Dnevnoy dozor,"('Action', 'Fantasy', 'Horror', 'Thriller')",R,RUSSIA,RUSSIAN,6.5,31699,2007-06-15,4.2,0.04673,0.450686
tt0409962,Last Sunset,"('Romance', 'Thriller')",R,USA,ENGLISH,4.6,222,2006-10-15,0.5,,
tt0410297,The Lake House,"('Drama', 'Fantasy', 'Romance')",PG ,USA,ENGLISH,6.8,126056,2006-06-16,40.0,13.616196,52.330111
tt0410403,Only the Brave,"('Drama', 'War')",R,USA,ENGLISH,5.5,718,2006-02-17,3.3,0.022135,0.14206
tt0410751,Love and Debate,"('Comedy', 'Drama', 'Romance')",PG-13,USA,ENGLISH,5.8,141,2006-06-13,,,
tt0412798,Half Light,"('Drama', 'Horror', 'Mystery', 'Romance', 'Thriller')",R,GERMANY,ENGLISH,6.0,12239,2006-01-17,,,
tt0413239,Dead Calling,"('Thriller',)",R,USA,ENGLISH,5.2,31,,,,
tt0413895,Charlotte's Web,"('Comedy', 'Family', 'Fantasy')",UNRATED,USA,ENGLISH,6.3,32234,2006-12-15,,11.457353,82.985708
tt0414853,Barnyard,"('Animation', 'Adventure', 'Comedy', 'Drama', 'Family')",PG ,GERMANY,ENGLISH,5.6,23965,2006-08-04,51.0,15.820864,72.779
tt0414982,Final Destination 3,"('Horror', 'Thriller')",R,GERMANY,ENGLISH,5.8,116370,2006-02-10,25.0,19.173094,54.098051
tt0414993,The Fountain,"('Drama', 'Sci-Fi')",PG-13,CANADA,ENGLISH,7.3,211870,2006-11-22,35.0,3.768702,15.978422
tt0415160,Minotaur,"('Adventure', 'Fantasy', 'Horror')",R,UK,ENGLISH,3.6,4033,2006-05-11,7.0,,
tt0415306,Talladega Nights: The Ballad of Ricky Bobby,"('Comedy', 'Sport')",PG-13,USA,ENGLISH,6.6,148044,2006-08-04,72.5,47.042215,148.213377
tt0415778,End Game,"('Action', 'Crime', 'Drama', 'Mystery', 'Thriller')",R,GERMANY,ENGLISH,5.1,4765,2006-07-21,5.0,,
tt0415949,Keeping Up with the Steins,"('Comedy',)",PG-13,USA,ENGLISH,5.4,2875,2006-06-02,,0.653723,4.328294
tt0415964,Fuera del cielo,"('Crime', 'Drama', 'Thriller')",R,MEXICO,SPANISH,5.7,447,2007-01-12,,,
tt0416051,Mr. Fix It,"('Comedy', 'Romance')",R,USA,ENGLISH,5.7,1723,2006-12-26,,,
tt0416316,Wolfhound,"('Action', 'Adventure', 'Fantasy')",R,RUSSIA,RUSSIAN,5.8,3638,2006-12-28,20.0,7.591663,
tt0416449,300,"('Action', 'Fantasy')",R,USA,ENGLISH,7.7,673384,2007-03-09,65.0,70.885301,210.614939
tt0416496,Bandidas,"('Action', 'Comedy', 'Crime', 'Western')",PG-13,FRANCE,ENGLISH,5.7,31628,2006-01-18,,,
tt0416871,Jadesoturi,"('Action', 'Adventure', 'Drama', 'Fantasy')",PG-13,FINLAND,FINNISH,6.0,3725,2006-10-13,,,
tt0416887,Kalamazoo?,"('Comedy',)",PG-13,USA,ENGLISH,5.8,111,2006-04-07,2.0,0.022074,0.053609
tt0417056,Pledge This!,"('Comedy',)",R,USA,ENGLISH,1.9,16239,2007-02-08,8.3,,
tt0417148,Snakes on a Plane,"('Action', 'Adventure', 'Crime', 'Thriller')",R,GERMANY,ENGLISH,5.5,123749,2006-08-18,33.0,15.206301,34.020814
tt0417220,Unbeatable Harold,"('Comedy', 'Romance')",PG-13,UK,ENGLISH,5.7,125,2009-06-12,3.0,0.0164,0.0389
tt0417225,Idlewild,"('Crime', 'Drama', 'Musical', 'Romance')",R,USA,ENGLISH,6.3,4901,2006-08-25,15.0,5.74578,12.549485
tt0417433,Annapolis,"('Drama', 'Romance', 'Sport')",PG-13,USA,ENGLISH,5.8,19163,2006-01-27,26.0,7.681171,17.127992
tt0417614,Dreamland,"('Drama',)",UNRATED,USA,ENGLISH,6.4,2316,2007-08-01,,0.00435,0.00435
tt0418020,The Novice,"('Drama',)",UNRATED,USA,ENGLISH,6.1,204,2006-09-30,,,
tt0418206,The Surfer King,"('Comedy',)",PG-13,USA,ENGLISH,3.9,343,,,,
tt0418294,The Virgin of Juarez,"('Crime', 'Drama')",R,USA,ENGLISH,4.8,349,2006-03-13,,,
tt0418451,5up 2down,"('Drama',)",R,USA,ENGLISH,5.5,100,,,,
tt0418676,Novel Romance,"('Comedy',)",R,USA,ENGLISH,5.3,214,2006-10-08,1.5,,
tt0418689,Flags of our Fathers,"('Drama', 'History', 'War')",R,USA,ENGLISH,7.1,109548,2006-10-20,90.0,10.24519,33.602376
tt0418879,Memory,"('Drama', 'Horror', 'Mystery', 'Thriller')",R,CANADA,ENGLISH,5.3,1627,2007-03-23,3.5,,
tt0418905,Mr. Hell,"('Horror',)",R,USA,ENGLISH,2.6,386,2006-04-18,,,
tt0419081,Psychopathia Sexualis,"('Drama',)",R,USA,ENGLISH,3.9,464,2006-06-08,,0.001612,0.003602
tt0419491,Believe in Me,"('Drama', 'Sport')",PG ,USA,ENGLISH,7.1,852,2006-02-06,,0.081569,0.208565
tt0419749,Find Me Guilty,"('Biography', 'Comedy', 'Crime', 'Drama')",R,GERMANY,ENGLISH,7.1,30488,2006-03-17,13.0,0.608804,1.173673
tt0419815,Holly,"('Drama',)",R,USA,ENGLISH,7.0,753,2010-01-07,3.0,0.032407,0.1763
tt0419946,The Marine,"('Action', 'Drama', 'Thriller')",PG-13,USA,ENGLISH,4.7,30105,2006-10-13,20.0,7.138774,18.843314
tt0420087,A Prairie Home Companion,"('Comedy', 'Drama', 'Music', 'Musical')",PG-13,USA,ENGLISH,6.8,20737,2006-06-09,10.0,4.566293,20.342852
tt0420223,Stranger Than Fiction,"('Comedy', 'Drama', 'Fantasy', 'Romance')",PG-13,USA,ENGLISH,7.6,203278,2006-11-10,38.0,13.411093,40.137776
tt0420294,The Texas Chainsaw Massacre: The Beginning,"('Horror', 'Thriller')",R,USA,ENGLISH,5.9,62536,2006-10-06,16.0,18.508228,39.517763
tt0420550,Christmas at Maxwell's,"('Drama',)",PG ,USA,ENGLISH,5.9,79,2006-12-01,3.0,0.008375,0.012781
tt0420609,Infamous,"('Biography', 'Crime', 'Drama')",R,USA,ENGLISH,7.1,15314,2006-10-13,13.0,0.452966,1.150403
tt0420757,Man About Town,"('Comedy', 'Drama')",R,USA,ENGLISH,5.6,7059,2006-06-08,,,
tt0420835,Opal Dream,"('Drama', 'Family')",PG ,AUSTRALIA,ENGLISH,6.6,866,2006-11-22,,0.002716,0.013751
tt0421045,Bickford Shmeckler's Cool Ideas,"('Comedy', 'Romance')",UNRATED,USA,ENGLISH,5.8,3089,2008-05-22,1.0,,
tt0421116,Alpha Male,"('Drama',)",R,USA,ENGLISH,5.6,308,2008-03-18,3.0,,
tt0421143,A New Wave,"('Action', 'Crime')",R,USA,ENGLISH,4.8,370,2007-08-21,0.76,,
tt0421206,Gridiron Gang,"('Crime', 'Drama', 'Sport')",PG-13,USA,ENGLISH,6.9,38842,2006-09-15,30.0,14.41463,38.432823
tt0421729,Big Momma's House 2,"('Comedy', 'Crime')",PG-13,USA,ENGLISH,4.7,36549,2006-01-27,40.0,27.736056,70.165972
tt0422067,Dominion,"('Horror',)",UNRATED,USA,ENGLISH,4.5,31,2006-01-27,0.2,,
tt0422295,Fur: An Imaginary Portrait of Diane Arbus,"('Biography', 'Drama', 'Romance', 'Thriller')",R,USA,ENGLISH,6.5,14302,2006-10-20,16.8,0.028815,0.220914
tt0422401,Hatchet,"('Comedy', 'Horror')",R,USA,ENGLISH,5.7,25919,2010-04-02,1.5,,0.155873
tt0422720,Marie Antoinette,"('Biography', 'Drama', 'History', 'Romance')",PG-13,USA,ENGLISH,6.4,90516,2006-10-20,40.0,5.36105,15.962471
tt0422861,The Oh in Ohio,"('Comedy', 'Drama', 'Romance')",R,USA,ENGLISH,5.6,5754,2007-02-02,5.0,0.061043,0.418689
tt0423116,Sam's Lake,"('Horror', 'Thriller')",R,SOUTH KOREA,ENGLISH,4.6,800,2009-10-29,,,
tt0423169,Sherrybaby,"('Drama',)",R,USA,ENGLISH,6.6,10915,2007-02-09,2.0,0.034774,0.199176
tt0423372,El Cortez,"('Drama', 'Thriller')",R,USA,ENGLISH,5.5,510,2007-01-27,,,
tt0424095,Flushed Away,"('Animation', 'Adventure', 'Comedy', 'Family', 'Fantasy')",PG ,UK,ENGLISH,6.6,98373,2006-11-03,149.0,18.814323,64.665672
tt0424107,The Garage,"('Drama',)",PG-13,USA,ENGLISH,6.1,309,2006-02-04,1.0,,
tt0424345,Clerks II,"('Comedy',)",R,USA,ENGLISH,7.4,122467,2006-07-21,5.0,10.061132,24.138847
tt0424880,Candy,"('Drama', 'Romance')",R,AUSTRALIA,ENGLISH,7.3,39832,2006-05-25,,0.003646,0.04472
tt0424890,The Choke,"('Thriller', 'Horror')",R,USA,ENGLISH,3.3,338,2006-04-12,1.0,,
tt0424908,Copying Beethoven,"('Biography', 'Drama', 'Music')",PG-13,USA,ENGLISH,6.8,12063,2007-03-08,11.0,0.07046,0.352786
tt0424938,Karla,"('Crime', 'Drama', 'Thriller')",R,USA,ENGLISH,5.5,5303,2006-01-20,5.0,,
tt0424993,Employee of the Month,"('Comedy', 'Romance')",PG-13,USA,ENGLISH,5.5,40708,2006-10-06,12.0,11.407751,28.435406
tt0425087,The Hard Easy,"('Action', 'Crime', 'Drama', 'Thriller')",R,USA,ENGLISH,5.9,698,2007-05-22,,,
tt0425094,Heavens Fall,"('Crime', 'Drama')",PG-13,USA,ENGLISH,6.7,1121,2006-07-20,4.0,,
tt0425151,Jimmy and Judy,"('Crime', 'Drama', 'Thriller')",R,USA,ENGLISH,6.2,1474,2006-02-05,1.0,,
tt0425196,Like Minds,"('Crime', 'Horror', 'Mystery', 'Thriller')",UNRATED,AUSTRALIA,ENGLISH,6.4,4215,2006-11-09,8.0,,
tt0425210,Lucky Number Slevin,"('Crime', 'Drama', 'Mystery', 'Thriller')",R,GERMANY,ENGLISH,7.8,283837,2006-04-07,27.0,7.031921,22.494487
tt0425253,Mini's First Time,"('Comedy', 'Crime', 'Drama')",R,USA,ENGLISH,5.9,7649,2007-08-09,6.0,0.021828,0.048913
tt0425326,Outsourced,"('Comedy', 'Drama', 'Romance')",PG-13,USA,ENGLISH,7.0,10593,2007-11-29,,,0.161593
tt0425395,Relative Strangers,"('Comedy',)",PG-13,USA,ENGLISH,5.3,3542,,,,
tt0425601,Trailer Park Boys: The Movie,"('Comedy', 'Crime')",R,CANADA,ENGLISH,7.3,11078,2006-10-06,,,
tt0426501,Johnny Was,"('Action', 'Crime', 'Drama', 'Thriller')",R,UK,ENGLISH,5.6,1559,2006-07-19,4.3,,
tt0426883,Alpha Dog,"('Biography', 'Crime', 'Drama', 'Thriller')",R,GERMANY,ENGLISH,6.9,93648,2007-01-12,,7.41175,15.229325
tt0427089,Confetti,"('Comedy', 'Music', 'Romance')",UNRATED,UK,ENGLISH,5.8,4702,2006-05-05,,0.02056,0.22699
tt0427229,Failure to Launch,"('Comedy', 'Romance')",PG-13,USA,ENGLISH,5.6,65116,2006-03-10,50.0,24.411322,88.715192
tt0427343,Southern Justice,"('Action', 'Adventure', 'Thriller')",R,USA,ENGLISH,3.2,108,2006-02-22,0.6,,0.14
tt0427461,In ascolto,"('Crime', 'Drama', 'Thriller')",R,ITALY,ITALIAN,6.3,1002,2006-04-28,,,
tt0427848,Shadow: Dead Riot,"('Action', 'Horror')",R,USA,ENGLISH,4.1,859,2006-03-23,0.75,,
tt0427969,Hollywoodland,"('Biography', 'Crime', 'Drama', 'History', 'Mystery', 'Romance', 'Thriller')",R,USA,ENGLISH,6.5,31019,2006-09-08,28.0,5.926177,14.415222
tt0428446,The Darwin Awards,"('Adventure', 'Comedy', 'Romance')",R,USA,ENGLISH,6.0,9282,2006-07-05,,,
tt0428541,Five Fingers,"('Drama', 'Thriller')",R,USA,ENGLISH,6.4,7402,2006-08-25,,,
tt0429068,The Second Chance,"('Drama',)",PG-13,USA,ENGLISH,6.8,1207,2006-02-17,1.2,0.226712,0.432253
tt0429115,Splinter,"('Crime', 'Thriller')",R,USA,ENGLISH,4.9,1301,2006-07-22,,0.010497,0.012918
tt0429589,The Ant Bully,"('Animation', 'Adventure', 'Comedy', 'Family', 'Fantasy')",PG ,USA,ENGLISH,5.8,33537,2006-07-28,50.0,8.432465,28.142535
tt0429591,Aquamarine,"('Comedy', 'Family', 'Fantasy', 'Romance')",PG ,USA,ENGLISH,5.3,34590,2006-03-03,12.0,7.482669,18.595716
tt0430304,Littleman,"('Comedy', 'Crime')",PG-13,USA,ENGLISH,4.3,44711,2006-07-14,64.0,21.613176,58.645052
tt0430357,Miami Vice,"('Action', 'Crime', 'Thriller')",R,USA,ENGLISH,6.0,100866,2006-07-28,135.0,25.723815,63.45047
tt0430431,One Night with the King,"('Biography', 'Drama', 'History')",PG ,USA,ENGLISH,6.3,6297,2006-10-13,20.0,4.106862,13.395961
tt0430634,Stick It,"('Comedy', 'Drama', 'Sport')",PG-13,GERMANY,ENGLISH,6.4,24752,2006-04-28,,10.80361,26.870825
tt0430674,The Thief Lord,"('Adventure', 'Drama', 'Family', 'Fantasy')",PG ,LUXEMBOURG,ENGLISH,6.0,5433,2006-03-14,,,
tt0430779,Everyone's Hero,"('Animation', 'Adventure', 'Comedy', 'Family', 'Sport')",UNRATED,CANADA,ENGLISH,5.8,7040,2006-09-15,35.0,6.061762,14.522427
tt0430912,Basic Instinct 2,"('Drama', 'Mystery', 'Thriller')",R,UK,ENGLISH,4.3,34218,2006-03-31,70.0,3.20142,5.971336
tt0430984,Dark Heart,"('Drama',)",R,USA,ENGLISH,4.5,148,2006-03-24,0.75,,
tt0431058,Fatwa,"('Drama', 'Thriller')",UNRATED,USA,ENGLISH,4.1,416,2006-03-24,,,
tt0431124,Hollywood Dreams,"('Comedy', 'Drama', 'Romance')",R,USA,ENGLISH,4.3,171,2007-05-25,,0.020818,0.171255
tt0431461,Waltzing Anna,"('Comedy',)",PG-13,USA,ENGLISH,5.1,164,2006-08-11,1.0,,
tt0432289,First Snow,"('Drama', 'Thriller')",R,GERMANY,ENGLISH,6.3,7372,2007-03-23,8.0,,
tt0432290,Flannel Pajamas,"('Romance',)",R,USA,ENGLISH,5.9,842,2006-01-22,,0.011069,0.123301
tt0432318,Live Free or Die,"('Comedy', 'Crime')",R,USA,ENGLISH,5.6,2379,2006-03-11,,0.008875,0.012706
tt0432402,Factory Girl,"('Biography', 'Drama')",R,USA,ENGLISH,6.4,19771,2007-02-16,7.0,0.195698,1.661464
tt0433386,The Grudge 2,"('Horror', 'Thriller')",PG-13,USA,ENGLISH,5.0,43219,2006-10-13,20.0,20.8253,39.143839
tt0433398,Journey from the Fall,"('Drama',)",R,USA,VIETNAMESE,7.4,803,2006-04-21,1.592,0.087442,0.638951
tt0433405,Land of the Blind,"('Drama', 'Thriller')",R,UK,ENGLISH,6.6,3395,2007-10-25,18.0,0.005244,0.005244
tt0433412,Material Girls,"('Comedy', 'Family', 'Romance')",PG ,USA,ENGLISH,3.9,20504,2006-08-18,,4.603121,11.441751
tt0433416,The Namesake,"('Drama',)",PG-13,USA,ENGLISH,7.5,17813,2007-04-06,,0.248552,8.661334
tt0433442,The Return,"('Horror', 'Mystery', 'Thriller')",PG-13,USA,ENGLISH,4.8,10976,2006-11-10,15.0,4.479621,7.749851
tt0433963,Dark Ride,"('Horror', 'Thriller')",R,USA,ENGLISH,4.6,5569,2006-10-20,,,
tt0434139,The Last Kiss,"('Comedy', 'Drama', 'Romance')",R,USA,ENGLISH,6.5,39575,2006-09-15,20.0,4.627989,11.596143
tt0434215,Flicka,"('Adventure', 'Drama', 'Family')",PG ,USA,ENGLISH,6.2,6789,2006-10-20,15.0,7.703551,20.998709
tt0435653,The Gravedancers,"('Horror',)",R,USA,ENGLISH,5.5,8683,2008-08-27,,,
tt0435680,Kidulthood,"('Crime', 'Drama', 'Romance')",R,UK,ENGLISH,6.8,16517,2006-03-03,,,
tt0435706,Nina's Heavenly Delights,"('Comedy',)",PG-13,UK,ENGLISH,6.3,1943,2007-11-21,,0.000267,0.009647
tt0435751,The Still Life,"('Drama',)",UNRATED,USA,ENGLISH,5.5,164,2007-08-07,,,
tt0435770,The Visitation,"('Horror', 'Thriller')",PG-13,USA,ENGLISH,5.2,2457,,2.5,,
tt0436331,Friends with Money,"('Comedy', 'Drama', 'Romance')",R,USA,ENGLISH,5.8,23166,2006-04-21,6.5,0.589332,13.367101
tt0436460,Kiss Me Again,"('Romance', 'Drama')",R,USA,ENGLISH,5.2,893,2006-04-28,1.4,,
tt0436697,The Queen,"('Biography', 'Drama', 'History')",PG-13,UK,ENGLISH,7.3,95518,2006-11-17,,0.122014,56.441711
tt0437179,See No Evil,"('Action', 'Horror', 'Thriller')",R,USA,ENGLISH,5.1,23947,2006-05-19,8.0,4.581233,15.0328
tt0437232,Catch a Fire,"('Biography', 'Drama', 'History')",PG-13,FRANCE,ENGLISH,6.7,9679,2006-10-27,14.0,2.026997,4.291965
tt0437777,Something New,"('Comedy', 'Drama', 'Romance')",PG-13,USA,ENGLISH,6.8,11689,2006-02-03,,4.879736,11.425894
tt0437800,Akeelah and the Bee,"('Drama',)",PG ,USA,ENGLISH,7.4,16822,2006-04-28,,6.011585,18.811135
tt0437857,Behind the Mask: The Rise of Leslie Vernon,"('Comedy', 'Horror', 'Thriller')",R,USA,ENGLISH,6.8,19177,2006-10-13,,0.0385,0.069136
tt0437863,The Benchwarmers,"('Comedy', 'Sport')",PG-13,USA,ENGLISH,5.6,44515,2006-04-07,33.0,19.656429,57.651794
tt0437888,Brutal,"('Crime', 'Drama', 'Horror', 'Thriller')",R,GREECE,GREEK,5.1,38,2008-04-06,,,
tt0438053,Gente comun,"('Action', 'Crime', 'Drama', 'Thriller')",R,MEXICO,SPANISH,4.6,8,2006-02-24,,,
tt0438097,Ice Age: The Meltdown,"('Animation', 'Adventure', 'Comedy', 'Family', 'Fantasy')",PG ,USA,ENGLISH,6.8,224753,2006-03-31,80.0,68.033544,195.330621
tt0438296,Push,"('Crime', 'Drama', 'Thriller')",R,USA,ENGLISH,4.6,551,2006-04-01,,,
tt0438315,Peaceful Warrior,"('Drama', 'Romance', 'Sport')",PG-13,USA,ENGLISH,7.3,23926,2006-06-23,10.0,0.080602,3.960414
tt0438486,Ten 'til Noon,"('Crime', 'Mystery', 'Thriller')",R,USA,ENGLISH,5.6,1216,2006-02-03,0.75,0.00252,
tt0438986,Gakseoltang,"('Drama', 'Romance')",UNRATED,SOUTH KOREA,KOREAN,6.6,186,2006-08-10,,,
tt0439123,Azur et Asmar,"('Animation', 'Adventure', 'Family', 'Fantasy')",PG ,FRANCE,ARABIC,7.4,2361,2006-10-25,,,
tt0439179,Fat Girls,"('Comedy', 'Drama')",R,USA,ENGLISH,5.2,531,2006-04-28,,0.004465,0.010798
tt0439289,Running with Scissors,"('Comedy', 'Drama')",R,USA,ENGLISH,6.2,21027,2006-10-27,12.0,0.226108,6.754898
tt0439569,Twisted Sisters,"('Crime', 'Thriller')",R,GERMANY,ENGLISH,4.3,317,2006-01-14,,,
tt0439815,Slither,"('Comedy', 'Horror', 'Sci-Fi')",R,CANADA,ENGLISH,6.5,68105,2006-03-31,15.5,3.88027,7.77473
tt0439833,Steel City,"('Crime', 'Drama', 'Thriller')",R,USA,ENGLISH,6.4,498,,0.35,0.001213,0.010227
tt0439834,Sweet Insanity,"('Horror', 'Thriller')",R,USA,ENGLISH,2.2,716,2006-01-16,0.325,,
tt0440961,Beautiful Dreamer,"('Drama',)",PG ,USA,ENGLISH,6.4,614,2011-02-26,,,
tt0441035,Crooked,"('Action',)",R,USA,ENGLISH,4.2,391,2006-08-03,2.5,,
tt0441774,Lonely Hearts,"('Crime', 'Drama', 'Romance', 'Thriller')",R,GERMANY,ENGLISH,6.5,19089,2006-10-21,18.0,0.080423,0.188565
tt0441796,Stay Alive,"('Fantasy', 'Horror', 'Sci-Fi', 'Thriller')",PG-13,USA,ENGLISH,5.1,27893,2006-03-24,7.0,10.726406,23.08648
tt0441909,Volver,"('Comedy', 'Crime', 'Drama', 'Mystery')",R,SPAIN,SPANISH,7.6,85599,2007-01-26,,0.197703,12.899867
tt0443441,The Beach Party at the Threshold of Hell,"('Comedy',)",R,USA,ENGLISH,4.3,418,,,,
tt0443448,O Jerusalem,"('Drama',)",R,FRANCE,ENGLISH,6.2,795,2006-10-18,24.0,0.031165,0.23352
tt0443453,Borat: Cultural Learnings of America for Make Benefit Glorious Nation of Kazakhstan,"('Comedy',)",R,USA,ENGLISH,7.3,324870,2006-11-03,18.0,26.455463,128.505958
tt0443456,Breaking and Entering,"('Crime', 'Drama', 'Romance')",R,UK,ENGLISH,6.5,21030,2006-11-10,,0.02116,0.92896
tt0443489,Dreamgirls,"('Drama', 'Music', 'Musical')",PG-13,USA,ENGLISH,6.5,62850,2006-12-25,70.0,0.37895,103.365956
tt0443512,Forgiving the Franklins,"('Comedy', 'Drama')",R,USA,ENGLISH,6.4,290,2006-01-25,0.1,,
tt0443527,The Hamiltons,"('Drama', 'Horror', 'Thriller')",R,USA,ENGLISH,5.2,8069,2006-11-19,,,
tt0443543,The Illusionist,"('Drama', 'Mystery', 'Romance', 'Thriller')",PG-13,USA,ENGLISH,7.6,330126,2006-09-01,16.0,0.927956,39.868642
tt0443629,Scorpius Gigantus,"('Action', 'Horror', 'Sci-Fi')",R,USA,ENGLISH,2.2,739,2006-07-25,0.21,,
tt0443632,The Sentinel,"('Action', 'Crime', 'Thriller')",PG-13,USA,ENGLISH,6.1,45152,2006-04-21,60.0,14.367854,36.280697
tt0443771,Robotech: The Shadow Chronicles,"('Animation', 'Action', 'Adventure', 'Sci-Fi')",PG ,USA,ENGLISH,6.5,1407,2007-01-05,,,
tt0444112,Avenue Montaigne,"('Comedy', 'Drama', 'Romance')",PG-13,FRANCE,FRENCH,6.8,3815,2007-04-27,,0.037677,2.044614
tt0444182,Days of Glory,"('Drama', 'War')",R,ALGERIA,FRENCH,7.1,13085,2006-09-27,,0.025521,0.317594
tt0444628,Fay Grim,"('Action', 'Comedy', 'Thriller')",R,USA,ENGLISH,6.3,3843,2007-09-27,,0.061817,0.126242
tt0445609,One Last Dance,"('Action', 'Comedy', 'Romance', 'Crime')",PG-13,SINGAPORE,ENGLISH,5.8,552,2007-01-11,,,
tt0445946,The Contract,"('Action', 'Crime', 'Drama', 'Thriller')",R,GERMANY,ENGLISH,5.7,22098,2007-04-05,25.0,,
tt0445990,Invincible,"('Biography', 'Drama', 'Sport')",PG ,USA,ENGLISH,7.1,58757,2006-08-25,40.0,17.031122,57.789574
tt0446046,Take the Lead,"('Drama', 'Music')",PG-13,USA,ENGLISH,6.7,23375,2006-04-07,30.0,12.051277,34.742066
tt0446059,Fearless,"('Action', 'Biography', 'Drama', 'Sport')",PG-13,CHINA,MANDARIN,7.7,67827,2006-09-22,,10.590244,24.63373
tt0446298,Civic Duty,"('Drama', 'Thriller')",R,UK,ENGLISH,6.3,3227,2008-09-11,3.4,0.054902,0.054902
tt0446687,Driving Lessons,"('Comedy', 'Drama')",PG-13,UK,ENGLISH,6.8,10156,2006-10-13,,0.022603,0.238774
tt0446755,The Painted Veil,"('Drama', 'Romance')",PG-13,CHINA,ENGLISH,7.5,84142,2007-01-19,19.4,0.071814,8.060487
tt0447854,Bambi II,"('Animation', 'Drama', 'Family')",UNRATED,USA,ENGLISH,6.2,7854,2006-01-26,,,
tt0447999,Hot Tamale,"('Action', 'Comedy', 'Crime', 'Thriller')",R,USA,ENGLISH,5.7,1078,2006-04-23,0.5,,
tt0448075,The Night Listener,"('Crime', 'Mystery', 'Thriller')",R,USA,ENGLISH,5.9,13795,2006-08-04,4.0,3.554134,7.82582
tt0448149,Things That Hang from Trees,"('Drama',)",R,USA,ENGLISH,5.8,200,2006-03-11,1.0,,
tt0448166,Two Weeks,"('Comedy', 'Drama')",R,USA,ENGLISH,6.5,1725,2006-10-20,2.4,0.025829,0.045816
tt0448400,Grimm Love,"('Crime', 'Drama', 'Horror', 'Thriller')",R,GERMANY,ENGLISH,5.3,2889,2009-06-18,,,
tt0448564,Irresistible,"('Drama', 'Mystery', 'Thriller')",R,AUSTRALIA,ENGLISH,5.8,5236,2006-11-09,,,
tt0449010,Eragon,"('Action', 'Adventure', 'Family', 'Fantasy')",PG ,USA,ENGLISH,5.1,115397,2006-12-15,100.0,23.239907,75.030163
tt0449059,Little Miss Sunshine,"('Comedy', 'Drama')",R,USA,ENGLISH,7.8,398154,2006-08-18,8.0,0.370782,59.891098
tt0449089,RV,"('Adventure', 'Comedy', 'Family')",PG ,UK,ENGLISH,5.5,51345,2006-04-28,65.0,16.414767,71.726025
tt0449318,Miriam,"('Drama',)",PG-13,USA,ENGLISH,7.2,42,2006-11-03,1.5,,
tt0449467,Babel,"('Drama',)",R,FRANCE,ENGLISH,7.5,267226,2006-11-10,25.0,0.389351,34.302837
tt0449851,The Valet,"('Comedy', 'Drama')",PG-13,FRANCE,FRENCH,6.6,8962,2007-06-01,,0.067552,2.272329
tt0449999,Kabhi Alvida Naa Kehna,"('Drama', 'Romance')",UNRATED,INDIA,HINDI,6.1,16227,2006-08-11,,1.351786,3.275443
tt0450232,16 Blocks,"('Action', 'Crime', 'Drama', 'Thriller')",PG-13,USA,ENGLISH,6.6,119844,2006-03-03,52.0,11.85526,36.883539
tt0450259,Blood Diamond,"('Adventure', 'Drama', 'Thriller')",R,GERMANY,ENGLISH,8.0,449982,2006-12-08,100.0,8.648324,57.366262
tt0450345,The Wicker Man,"('Horror', 'Mystery', 'Thriller')",PG-13,USA,ENGLISH,3.7,58576,2006-09-01,40.0,11.740235,23.643531
tt0450506,Suburban Mayhem,"('Comedy', 'Drama', 'Thriller')",R,AUSTRALIA,ENGLISH,5.9,1315,2006-10-26,,,
tt0450972,As You Like It,"('Drama', 'Comedy', 'Romance')",PG ,UK,ENGLISH,6.3,2764,2007-09-21,,,
tt0451033,Death Ride,"('Horror', 'Thriller')",R,USA,ENGLISH,2.5,883,2006-12-02,,,
tt0451134,Mustang Sally,"('Action', 'Horror', 'Thriller')",UNRATED,USA,ENGLISH,4.4,1218,2006-06-18,,,
tt0451135,My Brother,"('Drama',)",PG-13,USA,ENGLISH,5.6,287,2007-03-16,,0.032397,0.028613
tt0451166,Premium,"('Comedy', 'Drama', 'Romance')",R,USA,ENGLISH,6.0,446,2006-03-06,,,
tt0451176,Quinceañera,"('Drama',)",R,USA,SPANISH,7.1,3872,2006-07-05,0.4,0.0954,1.689999
tt0451221,The Elephant King,"('Drama', 'Romance')",R,USA,ENGLISH,6.4,462,2009-01-15,1.5,0.015959,0.021298
tt0452345,Naming Number Two,"('Comedy', 'Drama')",PG ,NEW ZEALAND,ENGLISH,6.7,545,2006-02-16,,,
tt0452594,The Break-Up,"('Comedy', 'Drama', 'Romance')",PG-13,USA,ENGLISH,5.8,113100,2006-06-02,52.0,39.172785,118.703275
tt0452624,The Good German,"('Drama', 'Mystery', 'Thriller')",R,USA,ENGLISH,6.1,22812,2007-01-19,32.0,0.076817,1.308696
tt0452637,Lady in the Water,"('Drama', 'Fantasy', 'Mystery', 'Thriller')",PG-13,USA,ENGLISH,5.6,87383,2006-07-21,70.0,18.044396,42.285169
tt0452643,Love and Other Disasters,"('Comedy', 'Drama', 'Romance')",R,FRANCE,ENGLISH,6.2,12744,2007-04-25,,,
tt0452681,The Santa Clause 3: The Escape Clause,"('Adventure', 'Comedy', 'Family', 'Fantasy')",UNRATED,USA,ENGLISH,4.7,26908,2006-11-03,12.0,19.504038,84.500122
tt0452701,Undoing,"('Crime', 'Drama', 'Thriller')",R,USA,ENGLISH,4.8,174,2007-12-05,1.0,0.016065,0.044999
tt0452706,Who Made the Potatoe Salad?,"('Comedy', 'Romance')",R,USA,ENGLISH,4.6,283,2006-11-07,1.0,,
tt0453453,Beer League,"('Comedy', 'Sport')",R,USA,ENGLISH,6.0,7321,2006-09-15,2.8,0.275606,0.475
tt0453460,The Clique,"('Horror',)",R,USA,ENGLISH,4.8,158,2006-07-11,0.03,,
tt0453467,Deja Vu,"('Action', 'Crime', 'Sci-Fi', 'Thriller')",PG-13,USA,ENGLISH,7.1,268594,2006-11-22,75.0,20.574802,64.038616
tt0453494,Hoot,"('Adventure', 'Comedy', 'Family')",PG ,USA,ENGLISH,5.6,7213,2006-05-05,15.0,3.368197,8.080116
tt0453533,Unrest,"('Horror', 'Thriller')",R,USA,ENGLISH,5.0,7301,2007-10-24,2.5,,
tt0454082,Black Christmas,"('Horror',)",R,USA,ENGLISH,4.6,22240,2006-12-25,9.0,3.307602,16.235293
tt0454084,Blind Dating,"('Comedy', 'Romance')",PG-13,USA,ENGLISH,6.1,10985,2007-04-26,,0.061877,0.087416
tt0454224,Penny Dreadful,"('Horror', 'Mystery', 'Thriller')",R,USA,ENGLISH,5.1,5853,2006-11-18,,,
tt0454776,Amazing Grace,"('Biography', 'Drama', 'History', 'Romance')",PG ,USA,ENGLISH,7.5,22521,2007-02-23,,4.054542,21.208358
tt0454824,Flyboys,"('Action', 'Adventure', 'Drama', 'History', 'Romance', 'War')",PG-13,UK,ENGLISH,6.5,38613,2006-09-22,60.0,6.004219,13.082288
tt0454839,Broken,"('Horror', 'Thriller')",R,UK,ENGLISH,4.9,2638,2006-09-28,,,
tt0454841,The Hills Have Eyes,"('Horror', 'Thriller')",R,USA,ENGLISH,6.4,145199,2006-03-10,15.0,15.708512,41.778863
tt0454843,The Hunt,"('Horror', 'Sci-Fi', 'Thriller')",R,USA,ENGLISH,4.8,603,2006-12-11,0.5,,
tt0454848,Inside Man,"('Crime', 'Drama', 'Mystery', 'Thriller')",R,USA,ENGLISH,7.6,304766,2006-03-24,45.0,28.954945,88.513495
tt0454879,Journey to the End of the Night,"('Crime', 'Drama', 'Thriller')",R,USA,ENGLISH,5.9,2337,2007-01-09,6.2,,
tt0454880,Look @ Me,"('Thriller',)",R,USA,ENGLISH,3.2,196,2006-09-12,0.046,,
tt0454919,Pulse,"('Horror', 'Sci-Fi', 'Thriller')",PG-13,USA,ENGLISH,4.7,26602,2006-08-11,20.0,8.203822,20.259297
tt0454921,The Pursuit of Happyness,"('Biography', 'Drama')",PG-13,USA,ENGLISH,8.0,391168,2006-12-15,55.0,26.541709,163.566459
tt0454945,She's the Man,"('Comedy', 'Romance', 'Sport')",PG-13,USA,ENGLISH,6.4,132548,2006-03-17,20.0,10.730372,2.339735
tt0454970,Turistas,"('Horror', 'Mystery', 'Thriller')",R,USA,ENGLISH,5.4,33614,2006-12-01,10.0,3.582554,7.025803
tt0454987,Let's Go to Prison,"('Comedy', 'Crime')",R,USA,ENGLISH,6.0,21422,2006-11-17,,2.22005,4.613815
tt0455362,The Breed,"('Comedy', 'Horror', 'Thriller')",R,GERMANY,ENGLISH,5.1,11243,2007-10-19,,,0.0145
tt0455400,Comeback Season,"('Comedy', 'Romance')",PG-13,USA,ENGLISH,5.9,1193,2006-04-30,,,
tt0455499,Garfield: A Tail of Two Kitties,"('Animation', 'Comedy', 'Family', 'Fantasy')",PG ,UK,ENGLISH,5.0,33264,2006-06-16,60.0,7.288977,28.426747
tt0455537,The House of Usher,"('Drama', 'Thriller')",R,USA,ENGLISH,4.0,638,2006-09-15,0.13,,
tt0455584,The Kovak Box,"('Mystery', 'Sci-Fi', 'Thriller')",R,SPAIN,ENGLISH,5.9,3454,2007-01-12,,,
tt0455590,The Last King of Scotland,"('Biography', 'Drama', 'History', 'Thriller')",R,UK,ENGLISH,7.7,161512,2007-01-19,6.0,0.142899,17.605861
tt0455612,Madea's Family Reunion,"('Comedy', 'Drama', 'Romance')",PG-13,USA,ENGLISH,5.1,9776,2006-02-24,6.0,30.030661,63.25794
tt0455822,Unconscious,"('Comedy', 'Drama')",R,USA,ENGLISH,6.6,49,2009-05-05,0.25,,
tt0455841,The Heart Specialist,"('Comedy', 'Drama')",R,USA,ENGLISH,4.8,493,2011-01-14,,0.473062,1.096288
tt0455853,When I Find the Ocean,"('Drama', 'Family')",PG ,USA,ENGLISH,4.2,187,2006-03-04,4.0,,
tt0455857,When a Stranger Calls,"('Crime', 'Horror', 'Mystery', 'Thriller')",PG-13,USA,ENGLISH,5.1,39080,2006-02-03,15.0,21.607203,47.860214
tt0455957,Goya's Ghosts,"('Biography', 'Drama', 'History')",R,USA,ENGLISH,6.9,27404,2006-11-10,50.0,0.159671,1.000045
tt0455958,The Groomsmen,"('Comedy', 'Drama', 'Music', 'Romance')",R,USA,ENGLISH,6.2,4122,2006-09-22,3.0,,0.128585
tt0455967,John Tucker Must Die,"('Comedy', 'Romance')",PG-13,USA,ENGLISH,5.8,73921,2006-07-28,18.0,14.276534,41.011711
tt0455988,The Elder Son,"('Comedy', 'Drama')",R,USA,ENGLISH,6.2,349,2009-03-30,,,
tt0456014,Surf School,"('Comedy', 'Sport')",R,USA,ENGLISH,2.2,4778,2006-09-01,5.0,,
tt0456020,Waist Deep,"('Action', 'Crime', 'Drama', 'Thriller')",R,USA,ENGLISH,5.9,8771,2006-06-23,,9.40418,21.318194
tt0456144,Keep at It Munna Bhai,"('Comedy', 'Drama', 'Fantasy', 'Romance')",UNRATED,INDIA,HINDI,8.1,36420,2006-09-01,,,
tt0456554,Grandma's Boy,"('Comedy',)",R,USA,ENGLISH,7.0,72567,2006-01-06,,3.009341,6.088249
tt0457275,Altered,"('Horror', 'Sci-Fi', 'Thriller')",R,USA,ENGLISH,5.7,9430,2007-07-20,8.0,,
tt0457290,Striking Range,"('Action', 'Thriller')",R,USA,ENGLISH,4.1,732,2006-11-28,,,
tt0457297,The Butterfly Effect 2,"('Horror', 'Sci-Fi', 'Thriller')",R,USA,ENGLISH,4.5,31877,2006-08-10,,,
tt0457303,Church Ball,"('Comedy', 'Sport')",PG ,USA,ENGLISH,4.0,416,2006-03-17,1.0,0.144376,0.464991
tt0457308,Come Early Morning,"('Drama', 'Romance')",R,USA,ENGLISH,6.2,2458,2007-08-31,6.0,0.05016,0.119452
tt0457342,Evil Behind You,"('Action', 'Comedy', 'Sci-Fi', 'Thriller')",PG-13,USA,ENGLISH,1.7,577,2006-10-31,0.2,,
tt0457430,Pan's Labyrinth,"('Drama', 'Fantasy', 'War')",R,SPAIN,SPANISH,8.2,551244,2007-01-19,,0.779427,37.634615
tt0457495,Alex Rider: Operation Stormbreaker,"('Action', 'Adventure', 'Family', 'Thriller')",PG ,UK,ENGLISH,5.1,21888,2006-10-13,40.0,0.215177,0.652526
tt0457510,Nacho Libre,"('Comedy', 'Family', 'Sport')",PG ,GERMANY,ENGLISH,5.7,73663,2006-06-16,32.0,28.309599,80.197993
tt0457513,Scoop,"('Comedy', 'Crime', 'Mystery')",PG-13,UK,ENGLISH,6.7,74499,2006-07-28,4.0,3.046924,10.525717
tt0457523,Walker Payne,"('Drama',)",R,USA,LATIN,6.0,356,2008-08-26,,,
tt0457572,Fido,"('Comedy', 'Drama', 'Horror', 'Sci-Fi')",R,CANADA,ENGLISH,6.7,26734,2007-03-16,8.0,0.010203,0.29811
tt0457655,After the Wedding,"('Drama',)",R,DENMARK,DANISH,7.8,28699,2007-05-11,,0.047311,0.412544
tt0457939,The Holiday,"('Comedy', 'Romance')",PG-13,USA,ENGLISH,6.9,209433,2006-12-08,85.0,12.778913,63.224849
tt0458349,Final Contract: Death on Delivery,"('Action',)",R,GERMANY,ENGLISH,5.7,758,2008-10-11,,,
tt0458352,The Devil Wears Prada,"('Comedy', 'Drama')",PG-13,USA,ENGLISH,6.9,326095,2006-06-30,35.0,27.537244,124.74046
tt0458364,The Ex,"('Comedy', 'Romance')",UNRATED,USA,ENGLISH,5.5,16065,2007-05-11,,1.394229,3.091922
tt0458367,Right at Your Door,"('Drama', 'Sci-Fi', 'Thriller')",R,USA,ENGLISH,6.1,11896,2006-09-08,,0.032452,0.064802
tt0458480,Simon Says,"('Horror', 'Thriller')",R,USA,ENGLISH,4.4,2979,2006-09-24,3.0,,
tt0458522,El cantante,"('Biography', 'Drama', 'Music')",R,USA,SPANISH,5.5,4398,2007-08-03,,3.202035,7.556004
tt0459127,Efectos secundarios,"('Comedy',)",R,MEXICO,SPANISH,6.6,667,2006-09-01,,,
tt0459272,Elephant Tales,"('Action', 'Adventure', 'Family')",UNRATED,AUSTRALIA,ENGLISH,5.2,82,2006-10-25,,,
tt0459438,Thieves and Liars,"('Crime', 'Drama')",R,PUERTO RICO,SPANISH,6.5,119,2007-10-01,1.5,,
tt0459880,Lady Chatterley,"('Drama', 'Romance')",R,BELGIUM,FRENCH,6.8,4018,2006-11-01,,0.032814,0.687414
tt0460275,Ugly Me,"('Comedy', 'Romance')",R,CHILE,SPANISH,6.2,478,,,,
tt0460435,In a Dark Place,"('Horror', 'Thriller')",R,LUXEMBOURG,ENGLISH,4.4,2245,2007-06-19,5.0,,
tt0460485,KM 31: Kilómetro 31,"('Horror', 'Mystery', 'Thriller')",R,MEXICO,SPANISH,5.3,2972,2008-02-15,,,
tt0460611,The Work and the Glory III: A House Divided,"('Drama', 'Western')",PG ,USA,ENGLISH,6.6,357,2006-11-22,6.5,0.200347,1.325092
tt0460732,Caffeine,"('Comedy',)",UNRATED,USA,ENGLISH,5.6,2457,2007-03-16,5.0,,
tt0460740,Cashback,"('Comedy', 'Drama', 'Romance')",R,UK,ENGLISH,7.2,78319,2008-05-09,,0.014878,0.024942
tt0460777,Driftwood,"('Horror', 'Mystery', 'Thriller')",R,USA,ENGLISH,4.9,761,2010-12-23,,0.601857,1.066555
tt0460791,The Fall,"('Adventure', 'Comedy', 'Drama', 'Fantasy')",R,USA,ENGLISH,7.9,99338,2008-05-30,,0.079611,2.280348
tt0460792,Fast Food Nation,"('Comedy', 'Drama', 'Romance', 'Thriller')",R,UK,ENGLISH,6.3,22249,2007-05-04,,0.410804,1.004059
tt0460796,Final Move,"('Thriller',)",R,USA,ENGLISH,3.7,415,2006-03-15,4.0,,
tt0460812,Griffin & Phoenix,"('Comedy', 'Drama', 'Romance')",PG-13,USA,ENGLISH,7.1,6866,2007-01-18,,,
tt0460829,Inland Empire,"('Drama', 'Mystery', 'Thriller')",R,FRANCE,ENGLISH,7.0,48042,2007-02-07,,0.027508,0.751138
tt0460838,Judges,"('Action', 'Adventure', 'Fantasy', 'Western')",UNRATED,USA,ENGLISH,3.0,212,2006-04-04,0.15,,
tt0460843,Killing Down,"('Action', 'Thriller')",R,USA,ENGLISH,4.2,130,2006-05-02,0.25,,
tt0460902,Played,"('Crime', 'Drama', 'Thriller')",R,UK,ENGLISH,4.4,1280,2006-10-20,2.5,,
tt0460925,The Sasquatch Gang,"('Comedy',)",PG-13,USA,ENGLISH,6.3,4170,,,0.009458,0.009458
tt0460952,TV: The Movie,"('Comedy',)",R,USA,ENGLISH,3.5,1043,,2.5,,
tt0460975,Unidentified,"('Sci-Fi',)",PG ,USA,ENGLISH,3.6,559,2006-08-18,0.4,0.015915,0.222108
tt0461703,Skinwalkers,"('Action', 'Fantasy', 'Horror', 'Thriller')",UNRATED,CANADA,ENGLISH,4.6,12335,2007-08-10,,0.75352,1.018965
tt0461760,Cut Sleeve Boys,"('Comedy', 'Romance')",R,UK,ENGLISH,6.2,423,2006-07-20,,0.001982,0.013399
tt0461946,Everything's Gone Green,"('Comedy', 'Crime')",R,CANADA,ENGLISH,6.1,1939,2007-04-20,,,
tt0462172,After...,"('Horror', 'Thriller')",R,USA,ENGLISH,3.3,765,2006-11-04,1.0,,
tt0462190,Backlash,"('Action', 'Thriller')",R,USA,ENGLISH,3.8,185,2006-11-21,,,
tt0462200,Black Snake Moan,"('Drama', 'Music')",R,USA,ENGLISH,7.0,57227,2007-03-02,15.0,4.143199,9.39687
tt0462308,VooDoo Curse: The Giddeh,"('Horror',)",R,USA,ENGLISH,2.5,114,2006-01-06,1.5,,
tt0462338,The Hoax,"('Comedy', 'Drama')",R,USA,ENGLISH,6.7,15355,2007-04-20,25.0,1.44932,7.156933
tt0462346,How to Eat Fried Worms,"('Comedy', 'Family')",PG ,USA,ENGLISH,5.4,4612,2006-08-25,,4.003537,13.022756
tt0462359,Incubus,"('Horror', 'Mystery', 'Thriller')",UNRATED,UK,ENGLISH,3.1,1901,2006-10-31,5.0,,
tt0462395,Larry the Cable Guy: Health Inspector,"('Comedy', 'Romance')",PG-13,USA,ENGLISH,3.2,9395,2006-03-24,4.0,6.922767,15.655665
tt0462421,Mentor,"('Drama',)",R,USA,ENGLISH,6.4,189,2006-04-28,0.5,,
tt0462504,Rescue Dawn,"('Adventure', 'Biography', 'Drama', 'War')",PG-13,USA,ENGLISH,7.3,92965,2007-07-27,10.0,0.110326,5.490423
tt0462519,School for Scoundrels,"('Comedy',)",PG-13,USA,ENGLISH,5.9,27730,2006-09-29,20.0,8.602333,17.803796
tt0462573,Tomorrow Is Today,"('Drama', 'Romance')",UNRATED,USA,ENGLISH,7.1,236,2008-01-31,0.75,,
tt0462590,Step Up,"('Crime', 'Drama', 'Music', 'Romance')",PG-13,USA,ENGLISH,6.5,101758,2006-08-11,12.0,20.659573,65.328121
tt0463034,"You, Me and Dupree","('Comedy', 'Romance')",PG-13,USA,ENGLISH,5.6,73636,2006-07-14,54.0,21.52556,75.62811
tt0463935,Candy Stripers,"('Horror', 'Sci-Fi')",R,USA,ENGLISH,3.0,1168,2006-06-27,,,
tt0463963,Two Tickets to Paradise,"('Comedy',)",R,USA,ENGLISH,5.7,788,2006-04-06,1.75,,
tt0463984,The Far Side of Jericho,"('Western',)",R,USA,ENGLISH,4.7,276,2006-12-10,2.0,,
tt0463985,The Fast and the Furious: Tokyo Drift,"('Action', 'Crime', 'Thriller')",PG-13,USA,ENGLISH,6.0,210673,2006-06-16,85.0,23.97384,62.514415
tt0464049,The History Boys,"('Comedy', 'Drama', 'Romance')",R,UK,ENGLISH,6.9,19104,2006-12-22,,0.100803,2.706659
tt0464051,Homie Spumoni,"('Comedy',)",R,USA,ENGLISH,4.6,620,2006-09-08,,,
tt0464061,I'm Reed Fish,"('Comedy', 'Drama', 'Romance')",PG ,USA,ENGLISH,5.8,4048,2006-04-25,,0.001026,0.00313
tt0464086,"Lenexa, 1 Mile","('Drama',)",R,USA,ENGLISH,6.5,154,2006-03-25,,,
tt0464095,The Lives of the Saints,"('Comedy', 'Drama')",PG-13,UK,ENGLISH,4.8,155,2007-01-26,,,
tt0464196,Severance,"('Comedy', 'Horror', 'Thriller')",R,UK,ENGLISH,6.5,34180,2006-08-25,,0.008316,0.136432
tt0464320,Wild Seven,"('Crime', 'Drama')",R,USA,ENGLISH,5.1,3515,2006-06-26,1.0,,
tt0464907,The Boys & Girls Guide to Getting Down,"('Comedy',)",R,USA,ENGLISH,6.6,2357,2007-03-23,,,
tt0465142,American Dreamz,"('Comedy', 'Music')",PG-13,USA,ENGLISH,5.5,23487,2006-04-21,17.0,3.66742,7.19183
tt0465188,Nuovomondo,"('Drama', 'History', 'Romance')",PG-13,ITALY,ITALIAN,6.9,4477,2006-09-22,,0.037947,1.063647
tt0465203,Them,"('Horror', 'Thriller')",R,FRANCE,FRENCH,6.5,26972,2006-07-19,,0.004025,
tt0465407,Eye of the Dolphin,"('Comedy', 'Drama', 'Family')",PG-13,USA,ENGLISH,5.7,880,2007-08-24,2.5,0.037924,0.071904
tt0465440,Disappearances,"('Action', 'Adventure', 'Drama')",PG-13,USA,ENGLISH,5.1,500,,1.5,0.032764,0.312642
tt0465551,Notes on a Scandal,"('Crime', 'Drama', 'Romance', 'Thriller')",R,UK,ENGLISH,7.4,69673,2007-01-26,15.0,0.00509,17.50867
tt0465624,My Super Ex-Girlfriend,"('Comedy', 'Romance', 'Sci-Fi')",PG-13,USA,ENGLISH,5.1,58004,2006-07-21,30.0,8.60346,22.530295
tt0465670,Wilderness,"('Horror',)",R,UK,ENGLISH,6.2,8423,2006-08-11,,,
tt0466342,Date Movie,"('Comedy', 'Romance')",PG-13,USA,ENGLISH,2.8,53736,2006-02-17,20.0,21.812384,48.548426
tt0466664,Alien Autopsy,"('Biography', 'Comedy', 'Sci-Fi')",PG-13,GERMANY,ENGLISH,5.8,6872,2006-04-07,,,
tt0466665,The Architect,"('Drama',)",R,USA,ENGLISH,5.6,1047,2006-04-26,,0.002032,0.012644
tt0466771,"Puff, Puff, Pass","('Comedy',)",UNRATED,USA,ENGLISH,5.6,3328,2006-05-09,2.5,,
tt0466787,Wasted,"('Adventure', 'Drama', 'Mystery', 'Thriller')",R,USA,ENGLISH,5.7,531,2007-11-15,1.0,,
tt0466856,ATL,"('Comedy', 'Crime', 'Drama', 'Music', 'Romance')",PG-13,USA,ENGLISH,6.0,10065,2006-03-31,,11.554404,21.160089
tt0466909,The Omen,"('Horror',)",R,USA,ENGLISH,5.5,52579,2006-06-06,25.0,16.026496,54.607383
tt0466978,The Shadow Walkers,"('Horror',)",R,USA,ENGLISH,2.6,265,2006-09-27,,,
tt0467004,The System Within,"('Drama',)",R,USA,ENGLISH,4.5,94,,0.5,,
tt0467111,A Broken Sole,"('Drama',)",UNRATED,USA,ENGLISH,6.0,10,2006-08-23,0.45,,
tt0468489,Half Nelson,"('Drama',)",R,USA,ENGLISH,7.2,78849,2006-09-22,0.7,0.053983,2.694973
tt0468492,The Host,"('Action', 'Drama', 'Horror', 'Sci-Fi')",R,SOUTH KOREA,KOREAN,7.0,81565,2007-03-30,,0.314488,2.201923
tt0468520,High Hopes,"('Comedy', 'Crime')",R,USA,ENGLISH,4.5,406,2006-03-24,0.1,,
tt0468521,The Night of the White Pants,"('Comedy', 'Drama')",R,USA,ENGLISH,6.0,631,2006-04-27,1.0,,
tt0468545,Section 8,"('Drama',)",R,USA,ENGLISH,4.1,34,2006-02-10,0.05,,
tt0468548,The Situation,"('Drama', 'War')",R,USA,ENGLISH,6.4,780,2006-10-18,1.0,0.007187,0.048195
tt0469045,Broken,"('Drama', 'Thriller')",R,USA,ENGLISH,5.7,1250,2006-11-04,,,
tt0469062,Danika,"('Drama', 'Horror', 'Mystery', 'Thriller')",R,USA,ENGLISH,5.7,3013,2006-06-10,5.0,,
tt0469066,Descansos,"('Drama', 'Thriller')",UNRATED,USA,ENGLISH,5.7,48,2006-01-05,1.1,,
tt0469263,The Astronaut Farmer,"('Adventure', 'Drama', 'Sci-Fi')",PG ,USA,ENGLISH,6.3,21090,2007-02-23,13.0,4.454319,10.99644
tt0469519,Park,"('Comedy', 'Drama')",R,USA,ENGLISH,5.9,1111,2006-06-12,,,
tt0469641,World Trade Center,"('Drama', 'History', 'Thriller')",PG-13,USA,ENGLISH,6.0,72876,2006-08-09,63.0,18.730762,70.278893
tt0469689,The Last Time,"('Comedy', 'Drama', 'Thriller')",UNRATED,USA,ENGLISH,6.2,3297,2006-11-05,4.0,,7.0
tt0469897,Diggers,"('Comedy', 'Drama')",R,USA,ENGLISH,6.4,2284,2007-04-14,,0.032867,0.065937
tt0470000,Wicked Little Things,"('Drama', 'Fantasy', 'Horror')",R,USA,ENGLISH,5.1,7521,2006-11-17,,,
tt0470055,Open Water 2: Adrift,"('Adventure', 'Drama', 'Horror', 'Thriller')",R,GERMANY,ENGLISH,5.1,15655,2006-08-10,,,
tt0470705,Bug,"('Drama', 'Horror', 'Thriller')",R,USA,ENGLISH,6.1,30638,2007-05-25,4.0,4.015846,7.006708
tt0470765,For Your Consideration,"('Comedy',)",PG-13,USA,ENGLISH,6.3,12956,2006-11-22,12.0,0.372012,5.542025
tt0470993,Crazy Eights,"('Horror',)",R,USA,ENGLISH,4.0,2962,2006-10-31,,,
tt0470995,Danny Roane: First Time Director,"('Comedy',)",R,USA,ENGLISH,4.5,530,,,,
tt0471009,Just Like the Son,"('Drama',)",PG-13,USA,ENGLISH,7.5,1092,2006-04-29,1.5,,
tt0472043,Apocalypto,"('Action', 'Adventure', 'Drama', 'Thriller')",R,USA,MAYA,7.8,263871,2006-12-08,40.0,15.005604,50.866635
tt0472118,Kill Your Darlings,"('Comedy', 'Drama')",R,SWEDEN,ENGLISH,4.7,801,2006-04-12,,,
tt0472126,Local Color,"('Drama',)",R,USA,ENGLISH,7.0,1341,2009-08-15,3.25,0.007183,0.048895
tt0472156,Pu-239,"('Drama',)",R,USA,ENGLISH,7.0,3179,2007-11-17,5.0,,
tt0472160,Penelope,"('Comedy', 'Fantasy', 'Romance')",PG ,UK,ENGLISH,6.8,55977,2008-02-29,15.0,3.802144,10.011274
tt0472175,Saving Shiloh,"('Drama', 'Family')",PG ,USA,ENGLISH,6.5,653,2006-02-22,,,
tt0472186,The Strange Case of Dr. Jekyll and Mr. Hyde,"('Horror',)",R,USA,ENGLISH,3.8,288,2006-09-29,0.75,0.019111,0.019111
tt0472200,Valley of the Heart's Delight,"('Drama',)",UNRATED,USA,ENGLISH,5.8,100,2006-04-24,2.5,0.005164,0.118666
tt0472268,The Flying Scotsman,"('Drama', 'Sport')",PG-13,GERMANY,ENGLISH,7.1,4732,2007-06-29,,0.078337,0.136074
tt0473024,Crossover,"('Action', 'Sport')",PG-13,USA,ENGLISH,2.1,8872,2006-09-01,5.8,4.402123,7.009668
tt0473064,Nihon chinbotsu,"('Adventure', 'Drama', 'Sci-Fi', 'Thriller')",UNRATED,JAPAN,JAPANESE,5.7,1264,2006-07-15,,,
tt0473191,The Devil Wears Spurs,"('Western',)",UNRATED,USA,ENGLISH,7.1,36,2010-02-25,0.145,,
tt0473398,Surveillance,"('Crime', 'Thriller')",R,USA,ENGLISH,5.2,404,2006-10-24,,,
tt0473402,They're Just My Friends,"('Drama',)",R,USA,ENGLISH,7.9,43,2006-04-28,0.35,,
tt0473444,Man cheng jin dai huang jin jia,"('Action', 'Drama', 'Romance')",R,CHINA,MANDARIN,7.0,39405,2007-01-12,45.0,0.711336,6.566773
tt0473449,Bienvenido paisano,"('Comedy',)",PG-13,MEXICO,SPANISH,6.3,47,2006-04-28,2.0,,
tt0473453,The Bondage,"('Biography', 'Drama')",UNRATED,USA,ENGLISH,8.0,1780,,1.7,,
tt0473488,A Guide to Recognizing Your Saints,"('Crime', 'Drama')",R,USA,ENGLISH,7.0,23596,2006-10-13,,0.094784,0.516139
tt0473500,Kettle of Fish,"('Comedy', 'Romance')",R,USA,ENGLISH,5.2,597,2006-04-27,2.0,0.001864,
tt0473514,Mulberry St,"('Horror', 'Sci-Fi', 'Thriller')",R,USA,ENGLISH,5.6,5203,2007-04-27,0.06,,
tt0473709,The TV Set,"('Comedy', 'Drama')",R,USA,ENGLISH,6.6,5276,2006-04-28,,0.034531,0.265198
tt0474865,A Lobster Tale,"('Drama', 'Family', 'Fantasy')",PG-13,USA,ENGLISH,6.4,260,2006-10-21,,,
tt0475179,Xiaohai bu ben 2,"('Comedy', 'Drama', 'Family')",UNRATED,SINGAPORE,ENGLISH,7.1,506,2006-01-26,,,
tt0475217,All In,"('Drama',)",UNRATED,USA,ENGLISH,3.7,1259,2006-03-14,3.1,,
tt0475276,United 93,"('Drama', 'History', 'Thriller')",R,USA,ENGLISH,7.6,90849,2006-04-28,,,
tt0475298,Hood of Horror,"('Comedy', 'Horror')",R,USA,ENGLISH,4.1,2605,2007-12-12,5.0,0.328,0.328
tt0475380,Scenes of a Sexual Nature,"('Comedy', 'Drama', 'Romance')",R,UK,ENGLISH,6.1,4731,,,,
tt0475390,Shut Up and Sing,"('Comedy', 'Drama', 'Music')",R,USA,ENGLISH,5.7,610,2009-11-13,1.0,0.015598,0.021908
tt0475394,Smokin' Aces,"('Action', 'Crime', 'Drama', 'Thriller')",R,UK,ENGLISH,6.7,129516,2007-01-26,17.0,14.638755,35.662731
tt0475937,The Abandoned,"('Horror', 'Mystery', 'Thriller')",R,SPAIN,ENGLISH,5.6,11843,2007-02-23,,0.782,1.255524
tt0475944,The Covenant,"('Action', 'Fantasy', 'Horror', 'Thriller')",PG-13,USA,ENGLISH,5.3,43447,2006-09-08,20.0,8.852485,23.292105
tt0475989,Nailed,"('Crime', 'Horror', 'Thriller')",R,USA,ENGLISH,4.4,473,,0.25,,
tt0476540,The Entrance,"('Horror', 'Thriller')",R,CANADA,ENGLISH,4.4,446,2006-10-06,,,
tt0476576,La niña en la piedra,"('Drama',)",R,MEXICO,SPANISH,5.9,145,2007-07-27,,,
tt0476580,Los pajarracos,"('Adventure', 'Comedy')",R,MEXICO,SPANISH,4.9,53,2006-07-28,,,
tt0477065,Pirates of the Great Salt Lake,"('Adventure', 'Comedy')",PG-13,USA,ENGLISH,6.1,347,,0.25,,
tt0477095,Starter for 10,"('Comedy', 'Drama', 'Romance', 'Sport')",PG-13,UK,ENGLISH,6.7,19909,2007-03-09,,0.037141,0.210128
tt0477139,Wristcutters: A Love Story,"('Comedy', 'Drama', 'Fantasy', 'Romance')",R,USA,ENGLISH,7.3,50325,2007-11-02,1.0,0.042808,0.316996
tt0477347,Night at the Museum,"('Adventure', 'Comedy', 'Family', 'Fantasy')",PG ,USA,ENGLISH,6.4,274206,2006-12-22,110.0,42.212651,250.863268
tt0477392,Broken Bridges,"('Drama', 'Music')",PG-13,USA,ENGLISH,6.2,1531,2006-09-08,,0.133784,0.252539
tt0478135,Satanic,"('Horror',)",R,USA,ENGLISH,2.9,832,2006-04-04,0.12,,
tt0478149,Fade to Black,"('Mystery', 'Thriller')",R,UK,ENGLISH,5.5,755,2007-05-25,,,
tt0478165,The Butcher,"('Horror', 'Thriller')",R,USA,ENGLISH,3.7,1339,2006-07-11,0.75,,
tt0478210,The Good Student,"('Comedy', 'Mystery')",R,USA,ENGLISH,5.0,1248,,,,
tt0478216,Nightmare Man,"('Comedy', 'Horror', 'Thriller')",R,USA,ENGLISH,4.0,2144,2006-08-04,0.25,,
tt0478262,Return with Honor: A Missionary Homecoming,"('Comedy', 'Drama', 'Romance')",PG ,USA,ENGLISH,5.4,203,2006-01-21,0.3,0.00868,0.102171
tt0478303,Trapped Ashes,"('Horror',)",R,USA,ENGLISH,4.7,1401,2008-07-15,,,
tt0478724,Prête-moi ta main,"('Comedy', 'Romance')",UNRATED,FRANCE,FRENCH,6.7,5321,2006-11-01,,,
tt0478802,The Foursome,"('Comedy',)",PG-13,CANADA,ENGLISH,4.5,464,,,,
tt0478829,Vitus,"('Drama', 'Music')",PG ,SWITZERLAND,SWISS GERMAN,7.7,4414,2006-12-07,,0.005722,0.186492
tt0478968,Always Will,"('Family',)",PG ,USA,ENGLISH,5.0,235,,,,
tt0478994,Citizen Duane,"('Comedy',)",PG-13,CANADA,ENGLISH,5.3,232,2010-04-20,,,
tt0479042,G.I. Jesus,"('Drama', 'Fantasy')",R,USA,ENGLISH,2.5,112,2006-09-30,2.0,0.006014,0.008528
tt0479143,Rocky Balboa,"('Drama', 'Sport')",PG ,USA,ENGLISH,7.2,182576,2006-12-20,24.0,17.003904,70.270943
tt0479162,Special,"('Comedy', 'Drama', 'Sci-Fi')",R,USA,ENGLISH,6.9,5080,2006-11-17,1.0,0.003232,0.006387
tt0479354,Chronicle of an Escape,"('Crime', 'Thriller')",R,ARGENTINA,SPANISH,7.2,3136,2006-04-27,,0.001307,0.001307
tt0479537,Seraphim Falls,"('Action', 'Drama', 'Thriller', 'War', 'Western')",R,USA,ENGLISH,6.7,27053,2007-04-13,18.0,0.15556,0.418296
tt0479647,Bon Cop Bad Cop,"('Action', 'Comedy', 'Crime', 'Thriller')",R,CANADA,ENGLISH,6.9,10778,2006-08-11,,,
tt0479874,"Bullets, Blood & a Fistful of Ca$h","('Action', 'Crime')",R,USA,ENGLISH,5.3,673,2006-05-02,,,
tt0479884,Crank,"('Action', 'Crime', 'Thriller')",R,USA,ENGLISH,7.0,216427,2006-09-01,12.0,12.896635,27.829874
tt0479965,Off the Black,"('Drama',)",R,USA,ENGLISH,6.6,1232,2006-12-08,,0.006763,0.024035
tt0480001,The Sensation of Sight,"('Drama',)",R,USA,ENGLISH,6.8,544,,1.0,0.001226,0.023054
tt0480082,Urmel aus dem Eis,"('Animation', 'Family')",UNRATED,GERMANY,GERMAN,5.0,558,2006-08-03,,,
tt0480251,Ira & Abby,"('Comedy', 'Romance')",R,USA,ENGLISH,6.5,2067,2008-05-09,3.5,0.036938,0.220234
tt0480271,Van Wilder 2: The Rise of Taj,"('Comedy', 'Romance')",R,USA,ENGLISH,4.8,20857,2006-12-01,,2.313372,4.26135
tt0480507,Alexander the Great,"('Animation',)",UNRATED,ITALY,ENGLISH,5.5,198,2006-03-10,,,
tt0480516,Canes,"('Horror', 'Thriller')",R,CANADA,ENGLISH,3.4,501,2007-11-13,2.4,,
tt0480854,Windkracht 10: Koksijde Rescue,"('Action', 'Adventure', 'Drama')",R,BELGIUM,DUTCH,5.9,670,2006-10-11,,,
tt0481280,Live Feed,"('Horror',)",R,CANADA,CANTONESE,3.6,1416,2006-09-26,,,
tt0481390,Kokoda,"('Action', 'Drama', 'War')",UNRATED,AUSTRALIA,ENGLISH,6.2,2619,,,,
tt0481509,Displaced,"('Action', 'Adventure', 'Sci-Fi')",R,UK,ENGLISH,3.3,724,,,,
tt0481544,Honor,"('Action', 'Drama')",R,USA,JAPANESE,4.8,532,2006-07-29,6.0,,
tt0481561,Lime Salted Love,"('Drama',)",UNRATED,USA,ENGLISH,5.1,158,,2.0,,
tt0481572,Maple Palm,"('Comedy', 'Drama', 'Romance')",UNRATED,USA,ENGLISH,1.6,304,2006-11-10,0.5,,
tt0481582,Moonpie,"('Comedy',)",PG-13,USA,ENGLISH,7.6,63,,0.25,,
tt0482088,Priceless,"('Comedy', 'Romance')",PG-13,FRANCE,FRENCH,7.0,28475,2008-04-11,,0.116308,1.499127
tt0482374,Gone,"('Drama', 'Horror', 'Thriller')",R,UK,ENGLISH,5.4,3640,2007-03-09,,,
tt0482463,Bella,"('Drama', 'Romance')",PG-13,USA,ENGLISH,7.3,10043,2007-11-30,3.3,1.324,8.108247
tt0482499,Electric Apricot,"('Comedy', 'Music')",R,USA,ENGLISH,7.0,561,,,,
tt0482522,Hookers Inc.,"('Comedy',)",UNRATED,USA,ENGLISH,4.0,94,,,0.1,
tt0482527,It's a Boy Girl Thing,"('Comedy', 'Fantasy', 'Romance')",PG-13,USA,ENGLISH,6.3,36301,2006-12-26,15.5,,
tt0482541,Bolly Double,"('Comedy',)",PG-13,USA,ENGLISH,4.1,163,,,,
tt0482546,Miss Potter,"('Biography', 'Drama')",PG ,UK,ENGLISH,7.0,25979,2007-03-09,30.0,0.013205,2.975649
tt0482571,The Prestige,"('Drama', 'Mystery', 'Sci-Fi', 'Thriller')",PG-13,USA,ENGLISH,8.5,1018290,2006-10-20,40.0,14.801808,53.089891
tt0482602,Raising Jeffrey Dahmer,"('Biography', 'Crime', 'Drama')",R,USA,ENGLISH,4.2,389,,0.25,,
tt0482629,The Ultimate Gift,"('Drama', 'Family', 'Romance')",PG ,USA,ENGLISH,7.4,15990,2007-03-09,,1.241079,3.438735
tt0483090,Rounding Home,"('Drama', 'Romance')",UNRATED,USA,ENGLISH,7.1,14,,,,
tt0483578,Bushi no ichibun,"('Drama', 'Romance')",UNRATED,JAPAN,JAPANESE,7.8,2881,2007-11-02,,0.005234,0.016326
tt0483726,Man of the Year,"('Comedy', 'Drama', 'Romance', 'Thriller')",PG-13,USA,ENGLISH,6.2,29856,2006-10-13,20.0,12.29938,37.44218
tt0483741,Morirse en domingo,"('Comedy', 'Drama')",R,MEXICO,SPANISH,7.0,284,2007-02-16,,,
tt0483812,Stephanie Daley,"('Drama',)",R,USA,ENGLISH,6.3,1598,2006-01-21,,0.003401,0.025073
tt0484877,Wedding Daze,"('Comedy', 'Romance')",R,USA,ENGLISH,5.7,14057,2007-06-01,,,
tt0485863,Battle of the Warriors,"('Action', 'Drama', 'War')",R,CHINA,MANDARIN,6.7,3625,2006-11-23,16.0,,
tt0485920,Jack's Law,"('Action', 'Crime', 'Drama', 'Thriller', 'War')",R,USA,ENGLISH,4.0,128,2016-05-05,,,
tt0485927,The Lather Effect,"('Comedy', 'Drama')",UNRATED,USA,ENGLISH,6.3,624,2006-06-26,1.0,,
tt0485956,Outlaw Trail: The Treasure of Butch Cassidy,"('Adventure', 'Family', 'Western')",PG ,USA,ENGLISH,6.2,497,,,,
tt0486020,Summer Love,"('Western',)",R,POLAND,ENGLISH,3.7,473,2006-11-18,,,
tt0486028,Thr3e,"('Drama', 'Horror', 'Mystery', 'Thriller')",PG-13,POLAND,ENGLISH,5.1,4234,2007-01-05,2.4,0.7,1.008849
tt0486551,Beerfest,"('Comedy',)",R,USA,ENGLISH,6.3,59681,2006-08-25,17.5,7.031228,19.185184
tt0486569,Sasquatch Mountain,"('Sci-Fi',)",R,USA,ENGLISH,3.9,747,2006-09-09,0.8,,
tt0486572,The Dog Problem,"('Comedy',)",R,USA,ENGLISH,6.3,3121,2007-08-07,,0.000914,0.000914
tt0486652,Sisters,"('Crime', 'Horror', 'Mystery', 'Thriller')",R,USA,ENGLISH,3.9,1227,2008-03-11,5.0,,
tt0486739,Zen Man,"('Action', 'Drama')",PG-13,USA,ENGLISH,6.9,34,2006-05-06,0.048,,
tt0487156,In Her Line of Fire,"('Action', 'Drama')",R,GERMANY,ENGLISH,4.1,830,2006-04-21,1.0,0.000232,0.000884
tt0487195,Bonneville,"('Comedy', 'Drama')",PG ,USA,ENGLISH,6.2,2391,2008-02-29,,0.174571,0.488393
tt0487894,Things You Don't Tell...,"('Thriller',)",R,USA,ENGLISH,4.5,86,,0.5,,
tt0488085,Big Nothing,"('Comedy', 'Crime', 'Thriller')",R,UK,ENGLISH,6.8,27716,2006-12-01,8.0,,
tt0488164,Moscow Zero,"('Action', 'Drama', 'Horror', 'Mystery', 'Thriller')",R,UK,ENGLISH,3.1,1548,2007-03-19,10.0,,
tt0488349,Yellow,"('Drama', 'Music', 'Romance')",R,PUERTO RICO,ENGLISH,5.2,872,2007-06-07,7.0,,
tt0488539,Farce of the Penguins,"('Animation', 'Comedy')",R,USA,ENGLISH,4.2,4509,2007-02-22,,,
tt0488658,Unaccompanied Minors,"('Adventure', 'Comedy', 'Family', 'Romance')",PG ,USA,ENGLISH,5.1,9335,2006-12-08,26.0,5.815474,16.647384
tt0488928,Guilty Hearts,"('Drama',)",R,USA,ENGLISH,4.4,672,2011-06-28,,,
tt0488962,Big Bad Wolf,"('Comedy', 'Horror')",R,USA,ENGLISH,5.3,2243,2006-10-25,,,
tt0489010,A Crime,"('Crime', 'Thriller')",R,FRANCE,ENGLISH,5.7,1790,2006-10-11,7.0,,
tt0489244,Night of the Living Dead 3D,"('Horror',)",R,USA,ENGLISH,3.2,3131,2006-11-10,0.75,0.271,0.2153
tt0489270,Saw III,"('Horror', 'Mystery', 'Thriller')",R,USA,ENGLISH,6.2,161737,2006-10-27,10.0,33.610391,80.238724
tt0489327,Venus,"('Comedy', 'Drama', 'Romance')",R,UK,ENGLISH,7.1,11852,2007-02-16,,0.048871,3.343528
tt0489682,Conversations with God,"('Adventure', 'Drama')",PG ,USA,ENGLISH,6.6,2031,2006-10-27,,0.150355,0.422897
tt0490076,All the Boys Love Mandy Lane,"('Horror',)",R,USA,ENGLISH,5.6,28612,2013-09-06,0.75,,
tt0490166,London to Brighton,"('Crime', 'Drama', 'Thriller')",R,UK,ENGLISH,7.0,7814,2006-12-01,,,
tt0490196,Phat Girlz,"('Comedy',)",PG-13,USA,ENGLISH,3.1,8457,2006-04-07,3.0,3.109924,7.059537
tt0490499,The Tiger's Tail,"('Comedy', 'Crime', 'Drama', 'Mystery', 'Thriller')",R,IRELAND,ENGLISH,5.9,1190,2006-11-10,,,
tt0490878,The Decoy,"('Western',)",UNRATED,USA,ENGLISH,3.7,151,2006-06-25,0.5,,
tt0491000,Joshua,"('Horror',)",R,USA,ENGLISH,5.2,619,2006-02-28,0.2,,
tt0491027,The Legend of Sasquatch,"('Animation', 'Family')",UNRATED,USA,ENGLISH,5.1,101,,,,
tt0491720,The Final Inquiry,"('Adventure', 'Drama', 'History', 'Mystery')",PG-13,ITALY,LATIN,5.3,1084,2007-04-04,,,
tt0491747,Away from Her,"('Drama',)",PG-13,CANADA,ENGLISH,7.6,20220,2007-05-25,,0.053267,4.571521
tt0492492,Sleeping Dogs Lie,"('Comedy', 'Drama', 'Romance')",R,USA,ENGLISH,5.9,2934,2007-02-21,,0.01089,0.01089
tt0492619,The Foot Fist Way,"('Comedy',)",R,USA,ENGLISH,6.3,10343,2008-09-26,,0.036391,0.233637
tt0492869,Antônia,"('Drama', 'Musical')",PG-13,BRAZIL,PORTUGUESE,6.4,375,2007-09-21,,0.00355,0.00355
tt0492912,Subject Two,"('Drama', 'Thriller')",R,USA,ENGLISH,5.5,1393,2006-04-14,0.023,,
tt0493306,Stanley's Dinosaur Round-Up,"('Animation', 'Family', 'Western')",UNRATED,USA,ENGLISH,6.8,39,2006-01-03,,,
tt0493419,True True Lie,"('Thriller',)",R,UK,ENGLISH,4.6,331,2010-07-28,5.0,,
tt0493450,Sixty Six,"('Biography', 'Comedy', 'Drama')",PG-13,FRANCE,ENGLISH,6.7,2451,2006-11-03,,,
tt0493456,Soul's Midnight,"('Horror', 'Thriller')",R,USA,ENGLISH,4.5,250,2006-06-30,,,
tt0494271,The Unknown Woman,"('Drama', 'Mystery', 'Thriller')",R,ITALY,ITALIAN,7.5,11936,2006-10-20,,0.018569,0.018569
tt0495042,Lost Signal,"('Horror', 'Thriller')",R,USA,ENGLISH,3.9,730,,2.0,,
tt0495596,Gedo senki,"('Animation', 'Adventure', 'Fantasy')",PG-13,JAPAN,JAPANESE,6.5,27824,2006-07-29,,0.020614,0.048461
tt0496248,Rocker,"('Comedy',)",R,USA,ENGLISH,4.5,68,2009-11-09,0.4,,
tt0496276,Dominos: The Games We Play,"('Action', 'Crime', 'Drama', 'Thriller')",UNRATED,USA,ENGLISH,5.2,19,2006-01-10,,,
tt0496319,The Hottest State,"('Drama', 'Music', 'Romance')",R,USA,ENGLISH,6.2,2538,2007-03-23,,0.008524,0.030629
tt0496350,The Marsh,"('Horror', 'Thriller')",R,CANADA,ENGLISH,4.9,2854,2007-03-01,9.0,,
tt0496408,That Beautiful Somewhere,"('Drama', 'Fantasy', 'Mystery', 'Thriller')",R,CANADA,ENGLISH,5.5,547,2007-04-20,,,0.03
tt0496411,A Merry Little Christmas,"('Comedy', 'Family')",PG ,USA,ENGLISH,3.3,154,,0.2,,
tt0497424,Offshore,"('Drama',)",UNRATED,INDIA,ENGLISH,6.6,19,,2.0,,
tt0497539,Uro,"('Action', 'Crime', 'Thriller')",UNRATED,NORWAY,NORWEGIAN,5.9,1601,2006-08-25,,,
tt0498311,Gwai wik,"('Fantasy', 'Horror', 'Mystery', 'Thriller')",R,THAILAND,MANDARIN,6.1,4499,2006-07-01,,,
tt0498380,Letters from Iwo Jima,"('Drama', 'History', 'War')",R,USA,JAPANESE,7.9,143569,2007-02-02,19.0,0.122548,13.756082
tt0498386,The Slaughter,"('Comedy', 'Horror')",R,USA,ENGLISH,3.8,1037,2006-06-10,0.025,,
tt0499238,Milarepa,"('Action', 'Adventure', 'Biography', 'Drama')",UNRATED,BHUTAN,TIBETAN,7.1,823,2008-09-05,1.8,0.012148,
tt0499464,Dracula's Curse,"('Action', 'Horror')",UNRATED,USA,ENGLISH,2.9,787,2006-04-25,,,
tt0499484,The Genius Club,"('Drama', 'Thriller')",PG ,USA,ENGLISH,6.0,1552,2006-10-27,2.0,,
tt0499537,Offside,"('Comedy', 'Drama', 'Sport')",PG ,IRAN,PERSIAN,7.3,6626,2006-05-26,0.0025,0.018003,0.179948
tt0499603,10 Items or Less,"('Comedy', 'Drama')",R,USA,ENGLISH,6.7,13611,2007-02-08,,0.035929,0.081416
tt0756204,Chai lai,"('Action', 'Comedy')",R,THAILAND,THAI,4.8,329,2006-01-26,,,
tt0757194,Eum-lan-seo-seng,"('Comedy', 'Drama', 'Romance')",UNRATED,SOUTH KOREA,KOREAN,6.3,291,2006-02-16,,,
tt0757898,Kaleldo,"('Drama',)",UNRATED,PHILIPPINES,ENGLISH,6.5,64,2008-03-11,,,
tt0758420,Wango & Maloy,"('Comedy',)",UNRATED,AUSTRALIA,ENGLISH,7.0,7,,,,
tt0758738,Chalk,"('Comedy', 'Drama')",PG-13,USA,ENGLISH,6.3,1278,2007-04-11,0.01,0.008289,0.300633
tt0758757,The Insurgents,"('Drama', 'Thriller')",UNRATED,USA,ENGLISH,4.8,301,2007-11-09,0.2,,
tt0758763,Deadly Lessons,"('Action', 'Thriller')",R,NEW ZEALAND,ENGLISH,4.7,112,2006-03-24,30.0,,
tt0758764,Little Chenier,"('Drama',)",R,USA,ENGLISH,7.0,540,2008-02-29,1.8,0.04437,0.087939
tt0758794,We Are Marshall,"('Drama', 'Sport')",PG ,USA,ENGLISH,7.1,52218,2006-12-22,65.0,8.582508,43.545364
tt0760160,Color of the Cross,"('Drama',)",PG-13,USA,ENGLISH,3.2,294,2006-11-09,2.5,0.025868,0.084744
tt0760187,The Tripper,"('Comedy', 'Horror')",R,USA,ENGLISH,5.1,5539,2006-10-13,,0.02084,0.02084
tt0760319,Night Feeders,"('Horror',)",R,USA,ENGLISH,4.7,303,,,,
tt0762091,Domestic Import,"('Comedy',)",PG-13,USA,ENGLISH,4.4,111,,,,
tt0762096,For Sale by Owner,"('Thriller',)",R,USA,ENGLISH,4.1,323,2006-09-11,0.25,,
tt0762102,Honeymoon with Mom,"('Comedy',)",UNRATED,USA,ENGLISH,4.8,372,2007-08-18,,,
tt0762121,The Nativity Story,"('Drama', 'Family', 'History')",PG ,USA,NONE,6.8,9011,2006-12-01,30.0,7.849304,37.629831
tt0762124,Ouija,"('Drama', 'Mystery', 'Romance', 'Thriller')",UNRATED,EGYPT,ARABIC,4.4,359,2006-01-06,,,
tt0763304,Doogal,"('Animation', 'Adventure', 'Comedy', 'Family', 'Fantasy')",UNRATED,USA,ENGLISH,2.8,4198,2006-02-24,20.0,3.605899,7.382993
tt0763832,Alice in Wasteland,"('Action',)",UNRATED,USA,ENGLISH,5.1,58,2006-02-11,,,
tt0763840,Home of the Brave,"('Action', 'Drama', 'War')",R,USA,ENGLISH,5.6,9889,2007-03-01,12.0,0.025261,0.049753
tt0765471,Reunion,"('Comedy', 'Drama')",PG ,USA,ENGLISH,6.8,13,2006-02-10,,,
tt0778784,Mon meilleur ami,"('Comedy',)",PG-13,FRANCE,FRENCH,6.7,5751,2007-08-03,,0.045246,1.422461
tt0780116,Phairii phinaat paa mawrana,"('Action', 'Horror', 'Thriller')",R,THAILAND,THAI,4.9,175,2006-03-09,,,
tt0780492,Canvas,"('Drama',)",PG-13,USA,ENGLISH,6.7,934,2008-12-12,1.5,0.0131,0.032525
tt0780606,Shock to the System,"('Crime', 'Drama', 'Mystery', 'Thriller')",R,USA,ENGLISH,6.7,863,2006-07-16,,0.00275,0.003665
tt0780660,The Race Begins,"('Animation', 'Adventure')",PG ,SINGAPORE,MANDARIN,3.9,72,2006-01-26,2.0,,
tt0783238,The Dead Girl,"('Crime', 'Drama', 'Mystery', 'Thriller')",R,USA,ENGLISH,6.7,13556,2007-04-26,,0.004789,0.017311
tt0783695,Broken Sky,"('Drama', 'Romance')",UNRATED,MEXICO,SPANISH,5.7,1083,2006-09-29,,0.004956,0.028683
tt0784977,Colma: The Musical,"('Comedy', 'Drama', 'Musical')",UNRATED,USA,ENGLISH,6.6,419,2006-03-21,,0.008403,0.129974
tt0784984,The Deepening,"('Horror',)",UNRATED,USA,ENGLISH,4.5,77,2006-10-01,0.1,,
tt0785025,Love's Abiding Joy,"('Drama', 'Family', 'Western')",PG ,USA,LATIN,7.1,1519,,3.0,0.145895,0.252726
tt0788052,"Dal-kom, sal-beol-han yeon-in","('Comedy', 'Crime', 'Drama', 'Romance')",UNRATED,SOUTH KOREA,KOREAN,6.4,589,2006-04-06,,,
tt0790604,Deck the Halls,"('Comedy', 'Family')",PG ,USA,ENGLISH,4.9,19181,2006-11-22,,12.001256,35.092918
tt0790662,Fingerprints,"('Horror', 'Mystery', 'Thriller')",R,USA,ENGLISH,5.0,2353,2010-04-29,0.5,,
tt0795371,Dirty Laundry,"('Comedy', 'Drama', 'Romance')",UNRATED,USA,ENGLISH,6.2,437,2006-07-15,,0.015841,0.020138
tt0795426,Midnight Clear,"('Drama',)",PG-13,USA,ENGLISH,6.2,691,,0.9,,
tt0796212,Fong juk,"('Action', 'Crime', 'Thriller')",R,HONG KONG,CANTONESE,7.3,7620,2006-10-19,,0.020351,0.049413
tt0796351,Rainbow Raani,"('Comedy', 'Musical')",R,GUYANA,ENGLISH,5.8,28,2006-09-28,,,
tt0798423,Kariseuma talchulgi,"('Comedy',)",UNRATED,SOUTH KOREA,KOREAN,6.3,306,2006-03-30,1.7,,
tt0800322,Cravings,"('Horror', 'Thriller')",R,UK,ENGLISH,4.6,226,2006-11-17,,,
tt0800361,S&man,"('Horror',)",R,USA,ENGLISH,5.7,795,2006-03-10,,,
tt0802983,Doraemon: Nobita no kyôryû,"('Animation', 'Adventure', 'Comedy', 'Family', 'Fantasy', 'Sci-Fi', 'Thriller')",UNRATED,JAPAN,JAPANESE,6.9,447,2008-11-14,,,
tt0804476,Feliz Navidad,"('Comedy', 'Family')",PG ,USA,ENGLISH,7.4,18,,0.4,,
tt0805185,Blood Trails,"('Horror', 'Thriller')",R,GERMANY,ENGLISH,3.6,1466,,,,
tt0805526,Facing the Giants,"('Drama', 'Sport')",PG ,USA,ENGLISH,6.7,13993,2006-09-29,0.1,1.343537,10.178331
tt0806938,Cansada de besar sapos,"('Comedy', 'Romance')",R,MEXICO,SPANISH,6.1,905,2006-12-20,2.1,,
tt0808164,Bas Ek Pal,"('Drama', 'Romance')",UNRATED,INDIA,HINDI,5.9,437,2006-09-15,,,
tt0808315,In 3 Tagen bist du tot,"('Horror', 'Thriller')",R,AUSTRIA,GERMAN,5.5,2236,2006-09-22,,,
tt0810444,The Pumpkin Karver,"('Horror',)",R,USA,ENGLISH,3.3,1307,2006-10-31,1.0,,
tt0810811,Costa Chica: Confession of an Exorcist,"('Horror',)",R,USA,ENGLISH,2.8,134,,1.5,,
tt0810817,The Da Vinci Treasure,"('Action', 'Adventure', 'Mystery', 'Thriller')",R,USA,ENGLISH,2.2,803,2006-06-06,0.85,,
tt0811011,Pirates of Treasure Island,"('Action', 'Adventure')",PG-13,USA,ENGLISH,2.2,926,2006-06-27,1.5,,
tt0811077,Chores,"('Crime', 'Drama', 'Horror', 'Thriller')",R,USA,ENGLISH,7.3,83,2006-06-06,1.0,,
tt0811082,Stalking Santa,"('Comedy',)",PG ,USA,ENGLISH,5.5,167,2006-04-01,0.1,,
tt0814343,Séance,"('Horror',)",R,USA,ENGLISH,4.7,768,2013-08-14,,,
tt0815156,Everest E.R.,"('Family',)",UNRATED,USA,ENGLISH,7.6,19,2006-08-24,0.7,,
tt0815890,Khan kluay,"('Animation', 'Adventure', 'Family', 'Musical')",PG ,INDIA,ENGLISH,6.2,1045,2008-09-02,,,
tt0816219,Speechless,"('Drama',)",UNRATED,USA,ENGLISH,6.7,12,2006-06-07,0.027,,
tt0816478,Disorder,"('Thriller',)",R,USA,ENGLISH,6.0,406,2006-08-21,1.0,,
tt0816683,Troubled Waters,"('Thriller',)",UNRATED,CANADA,ENGLISH,5.1,448,2007-01-09,,,
tt0818669,Dog Lover's Symphony,"('Comedy', 'Family')",PG ,USA,ENGLISH,2.9,111,2006-05-13,0.5,,
tt0819118,Retribution,"('Drama',)",UNRATED,USA,ENGLISH,5.0,16,2006-05-06,0.01,,
tt0819723,Islander,"('Drama',)",R,USA,ENGLISH,6.9,253,2006-06-25,,,
tt0820042,Casi casi,"('Adventure', 'Comedy')",PG ,PUERTO RICO,SPANISH,6.3,266,,,,
tt0820070,El Evangelista,,UNRATED,USA,SPANISH,7.5,16,,,,
tt0820142,Shark Bait,"('Animation', 'Family')",UNRATED,USA,ENGLISH,4.2,3425,2007-01-19,10.0,,
tt0820879,Faustbook,"('Animation', 'Horror')",UNRATED,USA,ENGLISH,6.6,52,2006-04-25,0.075,,
tt0821554,Legit,"('Drama',)",UNRATED,USA,ENGLISH,3.5,63,2006-01-30,0.01,,
tt0822389,Kenny,"('Comedy',)",PG-13,AUSTRALIA,ENGLISH,7.3,5999,2008-07-11,,,
tt0823493,Michtavim Le America,"('Drama',)",UNRATED,ISRAEL,HEBREW,7.2,69,2006-12-28,1.3,,
tt0824780,Under the Sycamore Tree,"('Drama',)",UNRATED,USA,ENGLISH,,0,,,,
tt0825342,Wages of Sin,"('Horror',)",UNRATED,USA,ENGLISH,2.7,248,2006-10-08,0.06,,
tt0826046,Qiao ke li zhong ji,"('Drama', 'Sport')",UNRATED,TAIWAN,MANDARIN,5.8,45,2006-04-07,,,
tt0827517,Reprise,"('Drama',)",R,NORWAY,NORWEGIAN,7.4,8515,2006-09-08,,0.04906,0.548811
tt0828376,Collier & Co.,"('Comedy', 'Family')",PG ,USA,ENGLISH,6.0,230,2006-10-26,2.5,,
tt0830199,Romeo & Juliet: Sealed with a Kiss,"('Animation', 'Family', 'Romance')",UNRATED,USA,ENGLISH,3.7,285,2010-05-14,2.0,0.080938,0.462689
tt0831888,Tekkonkinkreet,"('Animation', 'Action', 'Adventure', 'Crime')",R,JAPAN,JAPANESE,7.7,11034,2006-12-23,4.2,,
tt0833606,My Bad Dad,"('Comedy', 'Family')",UNRATED,USA,ENGLISH,6.8,27,2006-07-27,0.1,,
tt0835355,Epiphany: The Cycle of Life,"('Adventure',)",UNRATED,USA,NONE,,0,2006-06-28,0.08,,
tt0835419,Bacterium,"('Horror',)",PG-13,USA,ENGLISH,4.6,161,,0.03,,
tt0835787,Haebyeonui yeoin,"('Comedy', 'Drama', 'Romance')",UNRATED,SOUTH KOREA,KOREAN,7.0,935,2006-08-31,,0.00425,0.014208
tt0840026,Vigilantes,"('Action', 'Comedy', 'Drama')",UNRATED,USA,ENGLISH,4.7,58,2006-07-29,0.01,,
tt0840272,The 9/11 Commission Report,"('Drama', 'Thriller')",UNRATED,USA,ENGLISH,3.6,421,2006-09-05,1.0,,
tt0843302,Sakebi,"('Horror', 'Mystery', 'Thriller')",R,JAPAN,JAPANESE,6.4,2178,2007-02-24,,,
tt0844872,The Little Things,"('Drama',)",UNRATED,USA,ENGLISH,8.1,24,2006-09-30,0.05,,
tt0846015,I Love Miami,"('Drama',)",UNRATED,MEXICO,ENGLISH,5.2,154,2006-10-13,1.75,,
tt0850667,Faith Like Potatoes,"('Drama',)",PG ,SOUTH AFRICA,ZULU,6.9,2512,2006-10-27,,,
tt0851577,Ostrov,"('Drama',)",UNRATED,RUSSIA,RUSSIAN,8.0,9704,2006-11-23,,,
tt0851578,Paprika,"('Animation', 'Adventure', 'Crime', 'Mystery', 'Sci-Fi', 'Thriller')",R,JAPAN,JAPANESE,7.7,57527,2007-06-22,,0.045429,0.881302
tt0852975,The Last Request,"('Comedy',)",R,USA,ENGLISH,3.6,185,2006-05-16,1.2,,
tt0853096,Death of a President,"('Crime', 'Drama', 'Mystery', 'Thriller')",R,UK,ENGLISH,6.3,6706,2006-12-21,2.0,0.281778,0.519086
tt0853267,Vampire Diary,"('Drama', 'Fantasy', 'Horror')",R,UK,ENGLISH,4.5,695,2007-06-16,,,
tt0857334,"Peullai, daedi","('Drama',)",UNRATED,SOUTH KOREA,KOREAN,6.9,286,2006-08-03,4.0,,
tt0857355,O Ano em Que Meus Pais Saíram de Férias,"('Drama',)",PG ,BRAZIL,PORTUGUESE,7.4,5494,2006-11-02,,0.080655,0.763066
tt0860462,Mercury Man,"('Action',)",R,THAILAND,THAI,4.3,343,2006-08-10,,,
tt0861770,Fire Creek,,PG ,USA,ENGLISH,6.4,28,2009-05-08,0.1,,
tt0865496,Mon seung,"('Horror', 'Thriller')",R,HONG KONG,CANTONESE,6.2,694,2006-10-26,,,
tt0867294,FrightWorld,"('Horror',)",UNRATED,USA,ENGLISH,2.7,140,2006-10-31,0.05,,
tt0871016,Secret of the Cave,"('Adventure',)",PG ,USA,ENGLISH,5.0,444,2006-10-19,,,
tt0871903,The Water's Edge,"('Drama',)",UNRATED,USA,ENGLISH,6.7,14,2006-10-07,,,
tt0872286,Modern Man,"('Drama',)",UNRATED,USA,NONE,6.1,7,2006-12-01,0.15,,
tt0872318,Gringo Wedding,"('Comedy', 'Romance')",R,COLOMBIA,SPANISH,4.8,68,2007-03-09,5.0,,
tt0872329,Read On,"('Drama',)",UNRATED,USA,ENGLISH,4.5,30,2006-09-17,0.05,,
tt0872335,Serum,"('Horror', 'Sci-Fi')",R,USA,ENGLISH,3.6,378,2006-10-30,,,
tt0874319,Seth,"('Horror', 'Thriller')",PG-13,USA,ENGLISH,7.2,16,,0.9,,
tt0876287,Strawberry Shortcake: The Sweet Dreams Movie,"('Animation', 'Family')",UNRATED,USA,ENGLISH,5.2,88,2006-09-04,,,
tt0876294,The Zombie Diaries,"('Horror', 'Sci-Fi')",R,UK,ENGLISH,4.1,4449,2007-10-12,,,
tt0881252,Franklin and the Turtle Lake Treasure,"('Animation', 'Family', 'Fantasy')",UNRATED,CANADA,FRENCH,5.7,124,2006-12-20,,,
tt0883995,13: Game of Death,"('Comedy', 'Crime', 'Drama', 'Horror', 'Mystery', 'Thriller')",R,THAILAND,THAI,6.8,5140,2006-10-05,,,
tt0887259,Guadalupe,"('Drama', 'Family', 'Fantasy', 'Mystery')",PG ,SPAIN,SPANISH,5.1,104,2006-12-08,1.490641,0.264,0.671228
tt0887770,Plasterhead,"('Horror', 'Mystery', 'Thriller')",R,USA,ENGLISH,3.7,505,2007-10-02,,,
tt0903025,Street Wok'n,"('Comedy',)",UNRATED,USA,ENGLISH,3.8,13,2006-09-16,0.05,,
tt0904110,Blind Love,"('Action', 'Crime', 'Drama', 'Romance', 'Thriller')",UNRATED,USA,NONE,6.9,11,2006-07-30,0.003,,
tt0907113,Comic Evangelists,"('Comedy',)",UNRATED,USA,ENGLISH,7.3,18,2006-11-01,5e-05,,
tt0910872,Ella at Five,"('Comedy',)",UNRATED,USA,ENGLISH,8.4,42,,1.25,,
tt0930071,Last Stop for Paul,"('Comedy',)",PG-13,USA,ENGLISH,6.4,536,,,0.007604,0.011951
tt0943958,Ane-eui aein-eul mannada,"('Drama',)",UNRATED,SOUTH KOREA,KOREAN,6.4,253,2007-04-26,,,
tt0967925,Al Qarem,"('Drama', 'War')",UNRATED,USA,ENGLISH,6.7,11,2006-09-10,0.02,,
tt0972542,Aachi & Ssipak,"('Animation', 'Action', 'Comedy', 'Crime', 'Sci-Fi')",UNRATED,SOUTH KOREA,KOREAN,6.8,1469,2006-06-29,3.5,,
tt0996948,No Regret,"('Drama', 'Romance')",R,SOUTH KOREA,KOREAN,6.7,1621,2006-11-16,,0.004181,0.01462
tt1058510,Brothers Two,"('Drama',)",UNRATED,USA,ENGLISH,,0,,0.1,,
tt1059970,Summer Sunshine,"('Comedy', 'Romance')",UNRATED,UK,ENGLISH,,0,2006-08-12,,,
tt1093396,Windup,"('Action',)",UNRATED,CANADA,ENGLISH,7.3,12,2007-04-01,0.28,,
tt1113810,Mim mesle madar,"('Drama',)",UNRATED,IRAN,PERSIAN,7.6,3487,2006-10-25,,,
tt1151002,Wait Up Harriet,"('Drama',)",UNRATED,USA,ENGLISH,7.0,16,,,,
tt1152256,Bummin' It: The Life and Times of Oyster Bummins,"('Comedy',)",UNRATED,USA,ENGLISH,8.0,8,2006-03-11,0.003,,
tt1432037,Fog,"('Drama',)",UNRATED,USA,ENGLISH,,0,2006-06-21,0.05,,
tt1432042,Hardscrabble,"('Romance',)",UNRATED,USA,ENGLISH,,0,2006-05-24,0.06,,
tt1437381,A Sacred Proof,,UNRATED,USA,ENGLISH,,0,2006-05-26,0.25,,
tt1604702,The Gig,"('Comedy',)",UNRATED,USA,ENGLISH,6.1,11,,0.06,,
tt1790768,Los Gringos,"('Comedy', 'Drama')",UNRATED,USA,ENGLISH,,0,2006-11-04,0.0005,,
tt1826604,Assphalt Assassins,"('Sport',)",UNRATED,USA,ENGLISH,,0,2006-03-01,0.35,,
tt1826694,How to Stoppie,"('Sport',)",UNRATED,USA,ENGLISH,,0,2006-03-01,0.335,,
tt1832287,Another Heist,"('Action',)",UNRATED,USA,ENGLISH,,0,2006-05-10,0.015,,
tt1846691,Passion and Brotherhood,"('Action',)",UNRATED,USA,ENGLISH,,0,2006-01-01,0.5,,
tt1846741,"Smashes, Bashes and Crashes","('Action',)",UNRATED,USA,ENGLISH,,0,2006-01-01,1.0,,
tt2981534,Roger Hodgson: Take the Long Way Home - Live in Montreal,,UNRATED,CANADA,LATIN,9.0,6,,,,
tt7436196,"Robin Hood III, Forever Enemies","('Animation',)",UNRATED,USA,ENGLISH,,0,2006-03-01,,,
tt7775532,Neck Of Da Woodz,"('Horror',)",UNRATED,USA,ENGLISH,3.6,7,2006-10-31,0.005,,
